dataset,community_detector,algorithm_rec,test_size,split_id,rmse,mse,mae
synthetic,Not-Applicable,NormalPredictor,0.25,1,1.608937067629599,2.588678487592533,1.2951704183502757
synthetic,Not-Applicable,SVD,0.25,1,1.1446477062102671,1.3102183713324262,0.9278661097984772
synthetic,Not-Applicable,k-NN,0.25,1,1.1040469299250089,1.2189196234768374,0.8970826430002259
synthetic,Not-Applicable,NMF,0.25,1,1.0834005413858112,1.1737567330750687,0.8817695724213862
synthetic,Not-Applicable,Co-Clustering,0.25,1,1.0683883803660474,1.141453731301186,0.8758732827095076
synthetic,Not-Applicable,SlopeOne,0.25,1,1.1799189264218313,1.3922086729284469,0.9518731585393508
synthetic,Louvain,NormalPredictor,0.25,1,1.6242007201464155,2.638027979324135,1.3173549499865356
synthetic,Louvain,SVD,0.25,1,1.0652931165425836,1.1348494241530107,0.8555077151624013
synthetic,Louvain,k-NN,0.25,1,1.0158499897676156,1.0319512017108647,0.8198715349729834
synthetic,Louvain,NMF,0.25,1,1.0866919949030682,1.1808994917864102,0.889651828415496
synthetic,Louvain,Co-Clustering,0.25,1,1.0319563550906632,1.064933918812007,0.84810162448046
synthetic,Louvain,SlopeOne,0.25,1,1.0455187241981598,1.0931094026489476,0.8439949387521039
synthetic,Paris,NormalPredictor,0.25,1,1.6196581197641198,2.6232924249178438,1.3021616165899543
synthetic,Paris,SVD,0.25,1,1.1183592530703925,1.2507274189281663,0.8990012793459755
synthetic,Paris,k-NN,0.25,1,1.0870308310989507,1.1816360277596754,0.8722014540581833
synthetic,Paris,NMF,0.25,1,1.1300331862236193,1.2769750019667048,0.9114777912700858
synthetic,Paris,Co-Clustering,0.25,1,1.1756216095570766,1.3820861688575714,0.9428202430959641
synthetic,Paris,SlopeOne,0.25,1,1.1203555137590986,1.2551964772104138,0.8961099006149642
synthetic,Not-Applicable,NormalPredictor,0.25,2,1.6564530052586433,2.7438365586303908,1.3385382526463467
synthetic,Not-Applicable,SVD,0.25,2,1.1710179478837774,1.3712830342659335,0.9464356083925494
synthetic,Not-Applicable,k-NN,0.25,2,1.1283979078543496,1.2732818384500733,0.9234295151774273
synthetic,Not-Applicable,NMF,0.25,2,1.0881636432652595,1.1841001145243228,0.8805389328147157
synthetic,Not-Applicable,Co-Clustering,0.25,2,1.1016860784526097,1.2137122154562896,0.8923762328239154
synthetic,Not-Applicable,SlopeOne,0.25,2,1.209912935882494,1.4638893124157961,0.9760122009678708
synthetic,Louvain,NormalPredictor,0.25,2,1.6191777719973979,2.621736657330457,1.3045091421813046
synthetic,Louvain,SVD,0.25,2,1.0756604550478825,1.1570454145538176,0.8731755233081578
synthetic,Louvain,k-NN,0.25,2,1.0238174495014873,1.0482021699037307,0.8416343955339604
synthetic,Louvain,NMF,0.25,2,1.0802740216580682,1.1669919618692965,0.8917479430262029
synthetic,Louvain,Co-Clustering,0.25,2,1.0775954687325946,1.1612119942330201,0.8792901280229117
synthetic,Louvain,SlopeOne,0.25,2,1.0413206723215533,1.084348742604212,0.8563271715090676
synthetic,Paris,NormalPredictor,0.25,2,1.6256845286027966,2.642850186538497,1.313822744556948
synthetic,Paris,SVD,0.25,2,1.131215526313909,1.2796485669736541,0.9104626310980232
synthetic,Paris,k-NN,0.25,2,1.0995460717467587,1.2090015638937284,0.8918274636927438
synthetic,Paris,NMF,0.25,2,1.1275030171448115,1.2712630536706533,0.9167359243387414
synthetic,Paris,Co-Clustering,0.25,2,1.0800249938099937,1.1664539872542772,0.8841384184520407
synthetic,Paris,SlopeOne,0.25,2,1.1481590387126874,1.3182691781776426,0.9236340206799443
synthetic,Not-Applicable,NormalPredictor,0.25,3,1.6236453820329733,2.6362243265969996,1.3220594711098936
synthetic,Not-Applicable,SVD,0.25,3,1.1574781860794872,1.3397557512498597,0.9519417149390836
synthetic,Not-Applicable,k-NN,0.25,3,1.129942070828411,1.2767690834279974,0.9301038763411971
synthetic,Not-Applicable,NMF,0.25,3,1.0665656189555681,1.1375622195380743,0.8768960145631205
synthetic,Not-Applicable,Co-Clustering,0.25,3,1.1077071677038584,1.2270151693825038,0.912009774677478
synthetic,Not-Applicable,SlopeOne,0.25,3,1.2036295421006715,1.4487240746174723,0.9860508336150977
synthetic,Louvain,NormalPredictor,0.25,3,1.6257915368560527,2.643198121312766,1.3047516781594053
synthetic,Louvain,SVD,0.25,3,1.0607042523113732,1.1250935108714293,0.8717360126800677
synthetic,Louvain,k-NN,0.25,3,1.0061879777931584,1.0124142466554855,0.8280860569272768
synthetic,Louvain,NMF,0.25,3,1.072349919494135,1.1499343498390777,0.8768706213912875
synthetic,Louvain,Co-Clustering,0.25,3,0.9780338441287363,0.9565502002612333,0.809583366838391
synthetic,Louvain,SlopeOne,0.25,3,1.0423291686523395,1.0864500958234773,0.8569322933965822
synthetic,Paris,NormalPredictor,0.25,3,1.592384823246995,2.5356894253073636,1.2815614890260254
synthetic,Paris,SVD,0.25,3,1.0831982259943638,1.1733183967973368,0.8897309716130948
synthetic,Paris,k-NN,0.25,3,1.0518179130899192,1.1063209222968327,0.8603825844858413
synthetic,Paris,NMF,0.25,3,1.1030998289013387,1.2168292325221628,0.8987455766575276
synthetic,Paris,Co-Clustering,0.25,3,1.1062728121129746,1.2238395348203486,0.9041366421775099
synthetic,Paris,SlopeOne,0.25,3,1.09031451039965,1.1887857315880286,0.8922528249160087
synthetic,Not-Applicable,NormalPredictor,0.25,4,1.5705836494196281,2.466732999824277,1.266620038713542
synthetic,Not-Applicable,SVD,0.25,4,1.1759361029027495,1.382825718110106,0.946440787401281
synthetic,Not-Applicable,k-NN,0.25,4,1.1348526343894079,1.2878905017805788,0.919209566137976
synthetic,Not-Applicable,NMF,0.25,4,1.0804982754661203,1.16747652328526,0.8760780192858028
synthetic,Not-Applicable,Co-Clustering,0.25,4,1.1297535897632123,1.2763431735828645,0.9125243077136252
synthetic,Not-Applicable,SlopeOne,0.25,4,1.2070910188230752,1.4570687277233298,0.9674378635176909
synthetic,Louvain,NormalPredictor,0.25,4,1.5940180902246317,2.5408936719633823,1.2917346331177753
synthetic,Louvain,SVD,0.25,4,1.0610022232308116,1.1257257177007252,0.8582043935968626
synthetic,Louvain,k-NN,0.25,4,0.994663009325579,0.989354502120617,0.7995642197290853
synthetic,Louvain,NMF,0.25,4,1.0926651545484105,1.1939171399643016,0.8850498526828942
synthetic,Louvain,Co-Clustering,0.25,4,1.0661176169432123,1.136606773156674,0.8545323312271912
synthetic,Louvain,SlopeOne,0.25,4,1.022919282392556,1.0463638582905015,0.8229920162215361
synthetic,Paris,NormalPredictor,0.25,4,1.6186256909162602,2.6199491272941406,1.2939349692150013
synthetic,Paris,SVD,0.25,4,1.1338670112808957,1.2856543992710712,0.9053315901210023
synthetic,Paris,k-NN,0.25,4,1.099708217757296,1.2093581642029285,0.8759746365703635
synthetic,Paris,NMF,0.25,4,1.1076439205494906,1.226875054730246,0.8989007278429996
synthetic,Paris,Co-Clustering,0.25,4,1.1120843202094222,1.2367315352556525,0.8895692399487233
synthetic,Paris,SlopeOne,0.25,4,1.1423906236983365,1.3050563371138744,0.9113409108579448
synthetic,Not-Applicable,NormalPredictor,0.25,5,1.6000711161474581,2.5602275767293725,1.2953641452601836
synthetic,Not-Applicable,SVD,0.25,5,1.157236534576508,1.3391963969586456,0.9375360839509129
synthetic,Not-Applicable,k-NN,0.25,5,1.1417635507561834,1.3036240058353676,0.931969876826426
synthetic,Not-Applicable,NMF,0.25,5,1.1181457415785605,1.2502498994102689,0.9176105053223075
synthetic,Not-Applicable,Co-Clustering,0.25,5,1.1326535553661041,1.2829040764834763,0.9189475358541512
synthetic,Not-Applicable,SlopeOne,0.25,5,1.200463992484706,1.4411137972523202,0.9709978435854013
synthetic,Louvain,NormalPredictor,0.25,5,1.58267393217959,2.5048567756008056,1.3064675001159067
synthetic,Louvain,SVD,0.25,5,1.0793722448356722,1.165044442921598,0.8800143474029662
synthetic,Louvain,k-NN,0.25,5,1.0444059980250466,1.0907838887106938,0.8667529445917146
synthetic,Louvain,NMF,0.25,5,1.0733619706766175,1.1521059200947918,0.8856017961907154
synthetic,Louvain,Co-Clustering,0.25,5,1.0663995758015665,1.1372080552697612,0.8735235511255391
synthetic,Louvain,SlopeOne,0.25,5,1.084780500820596,1.1767487349605832,0.8900751064017883
synthetic,Paris,NormalPredictor,0.25,5,1.6199647541261086,2.6242858046108632,1.3031361632691536
synthetic,Paris,SVD,0.25,5,1.0752315020872845,1.1561227830808778,0.8717666091780474
synthetic,Paris,k-NN,0.25,5,1.0510158780031962,1.1046343758148292,0.8721052072033901
synthetic,Paris,NMF,0.25,5,1.1202209348095151,1.254894942785504,0.9184194673370814
synthetic,Paris,Co-Clustering,0.25,5,1.1248816872998002,1.2653588104224456,0.9171932705422379
synthetic,Paris,SlopeOne,0.25,5,1.0805460546997019,1.1675797763270912,0.8842626156764481
synthetic,Not-Applicable,NormalPredictor,0.1,1,1.5959078045262247,2.5469217205477146,1.3136158856930416
synthetic,Not-Applicable,SVD,0.1,1,1.1466698443145837,1.3148517318604318,0.9398029775646041
synthetic,Not-Applicable,k-NN,0.1,1,1.1323006448490822,1.2821047503256473,0.9337079152363343
synthetic,Not-Applicable,NMF,0.1,1,1.036783388628662,1.074919794936331,0.8619723051676612
synthetic,Not-Applicable,Co-Clustering,0.1,1,1.1423266608880176,1.3049102001755681,0.9366742303843115
synthetic,Not-Applicable,SlopeOne,0.1,1,1.2143605788293952,1.4746716154148636,0.9966862111199176
synthetic,Louvain,NormalPredictor,0.1,1,1.7360911443677898,3.014012461552262,1.4183977931124456
synthetic,Louvain,SVD,0.1,1,1.1084428080841704,1.228645458793521,0.9066966312475717
synthetic,Louvain,k-NN,0.1,1,1.0653153134843147,1.134896717144184,0.8625211497746897
synthetic,Louvain,NMF,0.1,1,1.0747558751880475,1.155100191251226,0.867914895901896
synthetic,Louvain,Co-Clustering,0.1,1,1.0976763111830758,1.2048932841324849,0.8862966469771862
synthetic,Louvain,SlopeOne,0.1,1,1.0910063536782837,1.1902948637663844,0.8829662336974601
synthetic,Paris,NormalPredictor,0.1,1,1.6506109970259206,2.7245166635029037,1.3224143023693398
synthetic,Paris,SVD,0.1,1,1.0634637877571462,1.1309552278707766,0.870800333942662
synthetic,Paris,k-NN,0.1,1,0.997923355419592,0.9958510232918973,0.8132190324742712
synthetic,Paris,NMF,0.1,1,1.0610176643906668,1.1257584841490256,0.8537323895642979
synthetic,Paris,Co-Clustering,0.1,1,1.0567334467554306,1.1166855774916125,0.8546629561216614
synthetic,Paris,SlopeOne,0.1,1,1.0343970260786508,1.0699772075603569,0.8324020273555082
synthetic,Not-Applicable,NormalPredictor,0.1,2,1.7116651085664547,2.9297974438838135,1.3857427930137818
synthetic,Not-Applicable,SVD,0.1,2,1.1300481295704738,1.2770087751457264,0.916056287123519
synthetic,Not-Applicable,k-NN,0.1,2,1.1163748192395742,1.2462927370321917,0.9093321264654549
synthetic,Not-Applicable,NMF,0.1,2,1.0180478670688375,1.0364214596434094,0.8388091343739751
synthetic,Not-Applicable,Co-Clustering,0.1,2,1.066229596362835,1.136845552160054,0.8656688981593751
synthetic,Not-Applicable,SlopeOne,0.1,2,1.1909076006523565,1.4182609132915525,0.9611798859178079
synthetic,Louvain,NormalPredictor,0.1,2,1.6473720361409705,2.7138346254592474,1.3342848824475222
synthetic,Louvain,SVD,0.1,2,1.0419996162505818,1.0857632002663598,0.8499318270349789
synthetic,Louvain,k-NN,0.1,2,1.0030380709292264,1.0060853717334237,0.820203690291426
synthetic,Louvain,NMF,0.1,2,1.0633807685245205,1.1307786588677997,0.8784210504025811
synthetic,Louvain,Co-Clustering,0.1,2,0.9930733127036214,0.9861946044041446,0.81208359059676
synthetic,Louvain,SlopeOne,0.1,2,1.030789532465701,1.0625270602408587,0.8376777203257898
synthetic,Paris,NormalPredictor,0.1,2,1.5774733130845435,2.4884220534939265,1.2477596832454896
synthetic,Paris,SVD,0.1,2,1.0933073834790248,1.1953210347697516,0.8820369622891319
synthetic,Paris,k-NN,0.1,2,1.0693849560643545,1.1435841842567611,0.8567363211213359
synthetic,Paris,NMF,0.1,2,1.0659255389332898,1.1361972545502244,0.8701149213704411
synthetic,Paris,Co-Clustering,0.1,2,1.0111499297983018,1.0224241805311107,0.8222179166007227
synthetic,Paris,SlopeOne,0.1,2,1.10941044677588,1.2307915394154578,0.8838372054247013
synthetic,Not-Applicable,NormalPredictor,0.1,3,1.606411684164397,2.580558499019894,1.2871577686829025
synthetic,Not-Applicable,SVD,0.1,3,1.107472682658345,1.2264957428344712,0.9110948799292727
synthetic,Not-Applicable,k-NN,0.1,3,1.0852523909414729,1.1777727520441836,0.8846787561316947
synthetic,Not-Applicable,NMF,0.1,3,1.0340889625970964,1.069339982565139,0.8622979390598667
synthetic,Not-Applicable,Co-Clustering,0.1,3,1.061614988084006,1.127026382924604,0.8617953135466456
synthetic,Not-Applicable,SlopeOne,0.1,3,1.1569364979848082,1.3385020603693523,0.9464660805349429
synthetic,Louvain,NormalPredictor,0.1,3,1.5436189790776005,2.3827595525685736,1.2406112678039551
synthetic,Louvain,SVD,0.1,3,1.0380899878828147,1.0776308229425422,0.8568263518801504
synthetic,Louvain,k-NN,0.1,3,0.987452792488701,0.9750630173937336,0.8223868983858345
synthetic,Louvain,NMF,0.1,3,1.0119299217383182,1.0240021665093189,0.8344013055046552
synthetic,Louvain,Co-Clustering,0.1,3,1.0310915973448227,1.063149882115098,0.8511051515381729
synthetic,Louvain,SlopeOne,0.1,3,0.9916380482771555,0.9833460187909263,0.821310101188669
synthetic,Paris,NormalPredictor,0.1,3,1.5754315155228955,2.4819844601027676,1.2836311932868023
synthetic,Paris,SVD,0.1,3,1.0591881957023315,1.1218796339151602,0.880998562968565
synthetic,Paris,k-NN,0.1,3,1.0297652190800535,1.0604164064269908,0.84382519944706
synthetic,Paris,NMF,0.1,3,1.0610846670563978,1.1259006706621866,0.8655587767944746
synthetic,Paris,Co-Clustering,0.1,3,1.0717703326040906,1.148691645850283,0.8773710946692006
synthetic,Paris,SlopeOne,0.1,3,1.0457168255330629,1.0935236792029464,0.854994265251536
synthetic,Not-Applicable,NormalPredictor,0.1,4,1.6234250103090624,2.6355087640969797,1.3121253407850004
synthetic,Not-Applicable,SVD,0.1,4,1.1416574958827437,1.303381837905257,0.936237794673005
synthetic,Not-Applicable,k-NN,0.1,4,1.1283855416197888,1.273253930536584,0.9233954621958005
synthetic,Not-Applicable,NMF,0.1,4,1.0379354054673247,1.0773099059226194,0.8499550906169449
synthetic,Not-Applicable,Co-Clustering,0.1,4,1.0900369201781268,1.1881804873514161,0.893414462306218
synthetic,Not-Applicable,SlopeOne,0.1,4,1.1977726721110329,1.434659374056004,0.9770024745990723
synthetic,Louvain,NormalPredictor,0.1,4,1.6394855456739368,2.6879128544737663,1.3084423645455325
synthetic,Louvain,SVD,0.1,4,1.047937444252002,1.0981728870654177,0.8623336571399497
synthetic,Louvain,k-NN,0.1,4,0.9776781626265129,0.9558545896767541,0.794377615453082
synthetic,Louvain,NMF,0.1,4,1.0312313882306672,1.0634381760721492,0.8454528430864661
synthetic,Louvain,Co-Clustering,0.1,4,0.9866693245867689,0.9735163560805108,0.8098130449887517
synthetic,Louvain,SlopeOne,0.1,4,1.0045829933838424,1.0091869905960411,0.8134005172061298
synthetic,Paris,NormalPredictor,0.1,4,1.6393406523621619,2.6874377744871984,1.313282482890469
synthetic,Paris,SVD,0.1,4,1.0429861115072878,1.0878200287970925,0.8564885075433009
synthetic,Paris,k-NN,0.1,4,0.9782186354916804,0.9569116988232051,0.7980013347895077
synthetic,Paris,NMF,0.1,4,1.0222470759897027,1.044989084369497,0.8383902035450577
synthetic,Paris,Co-Clustering,0.1,4,0.9900257899934337,0.9801510648521226,0.8166817088435665
synthetic,Paris,SlopeOne,0.1,4,0.9985943208243516,0.997190617582648,0.8087526300490105
synthetic,Not-Applicable,NormalPredictor,0.1,5,1.5674622349988,2.456937858147434,1.2569490295462646
synthetic,Not-Applicable,SVD,0.1,5,1.1315977702584226,1.2805135136538337,0.9262985226295457
synthetic,Not-Applicable,k-NN,0.1,5,1.1435694791416386,1.3077511536242785,0.9427619603397885
synthetic,Not-Applicable,NMF,0.1,5,1.0311185601298638,1.0632054850442836,0.8573898690046567
synthetic,Not-Applicable,Co-Clustering,0.1,5,1.100798169694709,1.2117566104032214,0.8969666994668541
synthetic,Not-Applicable,SlopeOne,0.1,5,1.1856948739762232,1.4058723341734918,0.9674482045655489
synthetic,Louvain,NormalPredictor,0.1,5,1.6229956089897297,2.634114746799944,1.3038206641927323
synthetic,Louvain,SVD,0.1,5,0.9982394179394449,0.9964819355280818,0.8182465990794525
synthetic,Louvain,k-NN,0.1,5,0.9779326472833425,0.9563522626226063,0.8009158807008441
synthetic,Louvain,NMF,0.1,5,1.006270910898921,1.012581146121344,0.8234312121606183
synthetic,Louvain,Co-Clustering,0.1,5,0.982007682975627,0.9643390894231596,0.7970850685243357
synthetic,Louvain,SlopeOne,0.1,5,0.9820531550771622,0.9644283993970088,0.7955421211517956
synthetic,Paris,NormalPredictor,0.1,5,1.6435256927932242,2.7011767028714475,1.3441550226995227
synthetic,Paris,SVD,0.1,5,1.1028283629774556,1.2162303981875346,0.9100125403839553
synthetic,Paris,k-NN,0.1,5,1.1509414622205194,1.3246662494583075,0.9329219067644519
synthetic,Paris,NMF,0.1,5,1.0842681562401446,1.1756374346364027,0.8761105285285902
synthetic,Paris,Co-Clustering,0.1,5,1.1263830322933175,1.2687387354382886,0.8961821390420238
synthetic,Paris,SlopeOne,0.1,5,1.1590720021120595,1.3434479060800582,0.9422840121931572
synthetic,Not-Applicable,NormalPredictor,0.01,1,1.9010818982685223,3.614112383924248,1.5831452845413245
synthetic,Not-Applicable,SVD,0.01,1,1.4844607943716916,2.203623850026634,1.2367652363583015
synthetic,Not-Applicable,k-NN,0.01,1,1.3761840061208024,1.8938824187027006,1.163035233256615
synthetic,Not-Applicable,NMF,0.01,1,1.1380535443797442,1.2951658698752984,0.9454521350343758
synthetic,Not-Applicable,Co-Clustering,0.01,1,1.3863597554458125,1.921993371519773,1.1411307244293196
synthetic,Not-Applicable,SlopeOne,0.01,1,1.5546712429455785,2.41700267364195,1.303997843397066
synthetic,Louvain,NormalPredictor,0.01,1,1.8855290236712572,3.5552196991066842,1.5256408463715265
synthetic,Louvain,SVD,0.01,1,1.3017498099871796,1.694552567801658,1.1008053506743536
synthetic,Louvain,k-NN,0.01,1,1.0818300815432695,1.1703563253319171,0.8859618094911929
synthetic,Louvain,NMF,0.01,1,1.0985037087761031,1.2067103981948535,0.9023216560921189
synthetic,Louvain,Co-Clustering,0.01,1,1.0514228189118784,1.1054899441286006,0.8893141980360841
synthetic,Louvain,SlopeOne,0.01,1,1.1000034607930622,1.2100076137567137,0.9083169873461318
synthetic,Paris,NormalPredictor,0.01,1,2.0408114194727087,4.1649112498502125,1.7317897537513514
synthetic,Paris,SVD,0.01,1,1.2910681834413524,1.6668570542945538,1.0619772746374443
synthetic,Paris,k-NN,0.01,1,1.1473421227539873,1.3163939466456254,0.9078635284036842
synthetic,Paris,NMF,0.01,1,1.1173544368481272,1.2484809375441954,0.9201351096297641
synthetic,Paris,Co-Clustering,0.01,1,1.2385856037639449,1.534094297851296,0.9850451214647901
synthetic,Paris,SlopeOne,0.01,1,1.1915555705050362,1.4198046776015822,0.9522527934573745
synthetic,Not-Applicable,NormalPredictor,0.01,2,1.7140422094295091,2.9379406957059935,1.3790290081984276
synthetic,Not-Applicable,SVD,0.01,2,0.8961692747142239,0.8031193689418182,0.7041981728666699
synthetic,Not-Applicable,k-NN,0.01,2,1.0026152810812958,1.0052374018577257,0.7959105097265619
synthetic,Not-Applicable,NMF,0.01,2,0.9266616729801364,0.8587018561703451,0.7529724916481483
synthetic,Not-Applicable,Co-Clustering,0.01,2,0.9448715879468439,0.8927823177091904,0.749365074899821
synthetic,Not-Applicable,SlopeOne,0.01,2,0.9938430471205636,0.9877240023098869,0.8022344968657628
synthetic,Louvain,NormalPredictor,0.01,2,1.6757147953574687,2.808020075379923,1.4179421112612787
synthetic,Louvain,SVD,0.01,2,0.9865343345512765,0.97324999324853,0.8063561064316774
synthetic,Louvain,k-NN,0.01,2,1.0285686486341254,1.057953464953031,0.8233909991986099
synthetic,Louvain,NMF,0.01,2,0.9749489310768514,0.9505254182078952,0.8308015440424197
synthetic,Louvain,Co-Clustering,0.01,2,0.9744481060237443,0.9495491113332625,0.8401933238392254
synthetic,Louvain,SlopeOne,0.01,2,1.0407174783883366,1.0830928698229778,0.8411058930021796
synthetic,Paris,NormalPredictor,0.01,2,1.5318213003105403,2.346476496085075,1.2943095878653164
synthetic,Paris,SVD,0.01,2,0.9621094098739024,0.9256545165679086,0.7772301184138364
synthetic,Paris,k-NN,0.01,2,1.065411893337676,1.1351025024653714,0.8424704886813722
synthetic,Paris,NMF,0.01,2,1.147986869170684,1.317873851788309,0.9352863365678701
synthetic,Paris,Co-Clustering,0.01,2,0.9698373338988668,0.9405844542240622,0.7983020915300724
synthetic,Paris,SlopeOne,0.01,2,1.0411640605714498,1.0840226010256298,0.8367210785121655
synthetic,Not-Applicable,NormalPredictor,0.01,3,1.7717104062980988,3.1389577637849744,1.4850869957589452
synthetic,Not-Applicable,SVD,0.01,3,1.1617854019835905,1.3497453202621728,1.010713648170279
synthetic,Not-Applicable,k-NN,0.01,3,1.201516485285329,1.4436418644124103,1.0347320845987331
synthetic,Not-Applicable,NMF,0.01,3,1.0705076523626644,1.1459866337670233,0.9300724895970935
synthetic,Not-Applicable,Co-Clustering,0.01,3,1.0691711918863336,1.1431270375596432,0.9225787309317139
synthetic,Not-Applicable,SlopeOne,0.01,3,1.3245367255650067,1.75439753737047,1.1054927645282389
synthetic,Louvain,NormalPredictor,0.01,3,1.6941341859201626,2.8700906399033723,1.37504364551629
synthetic,Louvain,SVD,0.01,3,1.0520393644451618,1.10678682434218,0.9106968514797072
synthetic,Louvain,k-NN,0.01,3,0.9246380483403326,0.8549555204386192,0.7827700641163355
synthetic,Louvain,NMF,0.01,3,0.8542419305435406,0.7297292758987552,0.6895579334523946
synthetic,Louvain,Co-Clustering,0.01,3,0.9650673387251468,0.9313549682740373,0.8029566517503944
synthetic,Louvain,SlopeOne,0.01,3,0.9995098869529337,0.9990200141166664,0.837095027220483
synthetic,Paris,NormalPredictor,0.01,3,1.6107942586410275,2.5946581436708978,1.3152404855808322
synthetic,Paris,SVD,0.01,3,1.1201683671795761,1.2547771708297575,0.9577638467253861
synthetic,Paris,k-NN,0.01,3,1.068469011258232,1.141626028019144,0.8764520765300343
synthetic,Paris,NMF,0.01,3,1.0193147705245549,1.0390026014095262,0.8395864681900878
synthetic,Paris,Co-Clustering,0.01,3,0.9985183429578715,0.9970388812233333,0.8532257140870566
synthetic,Paris,SlopeOne,0.01,3,1.1487414954910349,1.3196070234629793,0.9382030252344419
synthetic,Not-Applicable,NormalPredictor,0.01,4,1.6212770052233232,2.6285391276659076,1.3503518686930747
synthetic,Not-Applicable,SVD,0.01,4,1.124608731027652,1.264744797903626,0.9552007101002733
synthetic,Not-Applicable,k-NN,0.01,4,1.161122537648795,1.3482055474359775,1.0061675661414613
synthetic,Not-Applicable,NMF,0.01,4,1.1160205265923855,1.2455018157755455,0.945991876141885
synthetic,Not-Applicable,Co-Clustering,0.01,4,1.0265272764574545,1.0537582493111592,0.8416519572818002
synthetic,Not-Applicable,SlopeOne,0.01,4,1.2583039119443036,1.583328734814338,1.067170806899239
synthetic,Louvain,NormalPredictor,0.01,4,1.7396450221466233,3.026364803079525,1.4065210849176708
synthetic,Louvain,SVD,0.01,4,1.090917979939645,1.1901020389555954,0.91869538829619
synthetic,Louvain,k-NN,0.01,4,1.1264655945157265,1.268924735627669,0.942554538633758
synthetic,Louvain,NMF,0.01,4,1.0841423148274651,1.1753645587994548,0.8903395432560742
synthetic,Louvain,Co-Clustering,0.01,4,1.091532523859773,1.1914432506436858,0.9085551494484242
synthetic,Louvain,SlopeOne,0.01,4,1.14539228036235,1.3119234759136642,0.9608027831469957
synthetic,Paris,NormalPredictor,0.01,4,1.6443006191438563,2.703724526116869,1.3868065642572809
synthetic,Paris,SVD,0.01,4,1.124496980389099,1.2644934589042018,0.9421695384592842
synthetic,Paris,k-NN,0.01,4,1.1957971442749784,1.4299308102561934,0.9757258186928395
synthetic,Paris,NMF,0.01,4,1.2002151172221582,1.4405163276085993,0.9711773679615946
synthetic,Paris,Co-Clustering,0.01,4,1.1272398286770797,1.270669631355932,0.9003456948125715
synthetic,Paris,SlopeOne,0.01,4,1.162001204340596,1.350246798888996,0.9705295383354641
synthetic,Not-Applicable,NormalPredictor,0.01,5,1.3491116430128465,1.8201022253128223,1.0929389467211574
synthetic,Not-Applicable,SVD,0.01,5,0.9913957676657763,0.9828655681456139,0.7690604251029346
synthetic,Not-Applicable,k-NN,0.01,5,1.0296819135772661,1.0602448431481404,0.8121203040857226
synthetic,Not-Applicable,NMF,0.01,5,0.9700470575053267,0.9409912937747427,0.7846037546935314
synthetic,Not-Applicable,Co-Clustering,0.01,5,0.9209895760568773,0.8482217992054265,0.7607318316147773
synthetic,Not-Applicable,SlopeOne,0.01,5,1.0346155466643825,1.0704293293996392,0.8167789455578406
synthetic,Louvain,NormalPredictor,0.01,5,1.5059669371176243,2.267936415691439,1.2008110041948825
synthetic,Louvain,SVD,0.01,5,0.8744243799510646,0.7646179962528038,0.7077962332221898
synthetic,Louvain,k-NN,0.01,5,0.9086181383208273,0.825586921285606,0.7634864779421507
synthetic,Louvain,NMF,0.01,5,0.8528814695019761,0.7274068010198501,0.7137260581192155
synthetic,Louvain,Co-Clustering,0.01,5,0.8993201128805246,0.8087766654314396,0.7629864270776037
synthetic,Louvain,SlopeOne,0.01,5,0.955352570304539,0.9126985335874892,0.7941812180169027
synthetic,Paris,NormalPredictor,0.01,5,1.4805434136939772,2.1920087998326157,1.2471421044163007
synthetic,Paris,SVD,0.01,5,0.8719386137853634,0.7602769462099411,0.7291369167271737
synthetic,Paris,k-NN,0.01,5,0.9241199798962543,0.8539977372434534,0.8033463009732488
synthetic,Paris,NMF,0.01,5,0.8964941226019939,0.8037017118599189,0.7494346002322465
synthetic,Paris,Co-Clustering,0.01,5,0.921291249345879,0.8487775661212907,0.7390590915111579
synthetic,Paris,SlopeOne,0.01,5,0.9509455058619636,0.9042973551190658,0.8058300252554332
real,Not-Applicable,NormalPredictor,0.25,1,1.527003888533206,2.331740875595532,1.2278640244281918
real,Not-Applicable,SVD,0.25,1,0.9349864418669825,0.8741996464750804,0.7343877697707039
real,Not-Applicable,k-NN,0.25,1,0.9826992484609494,0.9656978129257148,0.7750633797357757
real,Not-Applicable,NMF,0.25,1,0.9689596581274038,0.9388828190783752,0.7607646451911173
real,Not-Applicable,Co-Clustering,0.25,1,0.9724225674981984,0.9456056497797882,0.7606731017002476
real,Not-Applicable,SlopeOne,0.25,1,0.9454588560902091,0.8938924485594067,0.7414153695068865
real,Louvain,NormalPredictor,0.25,1,1.5003960060513448,2.2511881749748275,1.2016076686061137
real,Louvain,SVD,0.25,1,0.961401130995713,0.9242921346798361,0.7582125087133118
real,Louvain,k-NN,0.25,1,1.013061253227891,1.026293102791665,0.7942159787222197
real,Louvain,NMF,0.25,1,1.0220204319128472,1.0445257632473228,0.8015866051200268
real,Louvain,Co-Clustering,0.25,1,1.009025308526251,1.018132073246496,0.7839907168561834
real,Louvain,SlopeOne,0.25,1,0.9766343068108211,0.953814569239853,0.764702050500364
real,Paris,NormalPredictor,0.25,1,1.5001000139937146,2.250300051983943,1.2029953746010396
real,Paris,SVD,0.25,1,0.9613969532517843,0.9242841017218135,0.7580002895642417
real,Paris,k-NN,0.25,1,1.0179396010393222,1.0362010313640946,0.8008188514275858
real,Paris,NMF,0.25,1,1.0095474848801864,1.01918612422791,0.7909986511444824
real,Paris,Co-Clustering,0.25,1,1.0077200196494318,1.0154996380022514,0.7855630741684377
real,Paris,SlopeOne,0.25,1,0.9707607104070923,0.9423763568700825,0.760553101137378
real,Not-Applicable,NormalPredictor,0.25,2,1.5136442467078315,2.291118905591719,1.2173347354606752
real,Not-Applicable,SVD,0.25,2,0.9461117857082232,0.8951275110560027,0.7438588207900272
real,Not-Applicable,k-NN,0.25,2,0.9898780161665119,0.9798584868897492,0.7822389850219297
real,Not-Applicable,NMF,0.25,2,0.970274828150494,0.9414332421424708,0.7626900663512107
real,Not-Applicable,Co-Clustering,0.25,2,0.9749306299424085,0.9504897331999015,0.7612479824081343
real,Not-Applicable,SlopeOne,0.25,2,0.9534260677913811,0.9090212667441352,0.7485837217278646
real,Louvain,NormalPredictor,0.25,2,1.5045166944718613,2.263570483944536,1.2065203457826632
real,Louvain,SVD,0.25,2,0.9634076170031917,0.9281542364997685,0.7605884374817037
real,Louvain,k-NN,0.25,2,1.0161873439178681,1.0326367179388518,0.7997145954489026
real,Louvain,NMF,0.25,2,1.0170664261679347,1.034424115238015,0.7984711848171182
real,Louvain,Co-Clustering,0.25,2,1.006608931435902,1.0132615408465284,0.784822056625627
real,Louvain,SlopeOne,0.25,2,0.9759506672728706,0.9524797049503615,0.7656245097438908
real,Paris,NormalPredictor,0.25,2,1.5073093683498926,2.271981531915352,1.210479246843951
real,Paris,SVD,0.25,2,0.9827336803383871,0.9657654864714313,0.7778743465387755
real,Paris,k-NN,0.25,2,1.0548323511726665,1.1126712890804555,0.8300000604757672
real,Paris,NMF,0.25,2,1.0628487673459424,1.129647502248789,0.8336887621525712
real,Paris,Co-Clustering,0.25,2,1.0460646640158806,1.0942512813026573,0.8176965434609447
real,Paris,SlopeOne,0.25,2,1.0158463698297104,1.031943847096201,0.7969064874744988
real,Not-Applicable,NormalPredictor,0.25,3,1.5161342213161269,2.298662977045858,1.218177730139205
real,Not-Applicable,SVD,0.25,3,0.9329615285313073,0.8704172137194733,0.7351542528631472
real,Not-Applicable,k-NN,0.25,3,0.9760819161236167,0.9527359069835512,0.7710602254128961
real,Not-Applicable,NMF,0.25,3,0.9623870785561742,0.9261888889718879,0.7557268892853205
real,Not-Applicable,Co-Clustering,0.25,3,0.955380555687763,0.9127520061862588,0.7469067832941498
real,Not-Applicable,SlopeOne,0.25,3,0.9400818023059785,0.8837537950268568,0.7379290112049119
real,Louvain,NormalPredictor,0.25,3,1.4872831380946594,2.212011132860698,1.1930156608761027
real,Louvain,SVD,0.25,3,0.95585088303808,0.9136509106046772,0.7569140671788094
real,Louvain,k-NN,0.25,3,1.0059482477237016,1.0119318770983858,0.7922997694015503
real,Louvain,NMF,0.25,3,1.012388277710951,1.0249300248465456,0.7954348273351255
real,Louvain,Co-Clustering,0.25,3,1.0040347152986764,1.008085709524894,0.7847907681042962
real,Louvain,SlopeOne,0.25,3,0.9718985821139935,0.9445868539151909,0.7629018689168559
real,Paris,NormalPredictor,0.25,3,1.509691089564965,2.2791671859118505,1.212774677386753
real,Paris,SVD,0.25,3,0.9578653517250537,0.917506032035361,0.7565188529084095
real,Paris,k-NN,0.25,3,1.0113738719718603,1.0228771089073532,0.7987398654029757
real,Paris,NMF,0.25,3,1.0093748843888577,1.01883765723502,0.7914941462486876
real,Paris,Co-Clustering,0.25,3,0.9943464427831891,0.9887248482755819,0.776010825286754
real,Paris,SlopeOne,0.25,3,0.966962402492771,0.9350162878345917,0.7579549672242981
real,Not-Applicable,NormalPredictor,0.25,4,1.521389805435139,2.3146269400819697,1.2216237819864184
real,Not-Applicable,SVD,0.25,4,0.9440942597248129,0.8913139712453424,0.7445705039816527
real,Not-Applicable,k-NN,0.25,4,0.9853366765348829,0.9708883661248083,0.7806870062736085
real,Not-Applicable,NMF,0.25,4,0.9702140456922429,0.9413152944585096,0.7620538151178701
real,Not-Applicable,Co-Clustering,0.25,4,0.9703629682897628,0.9416042902281192,0.7594963464901103
real,Not-Applicable,SlopeOne,0.25,4,0.9501534978872661,0.902791669547407,0.746132428493232
real,Louvain,NormalPredictor,0.25,4,1.514041267627523,2.2923209600791568,1.2149875748319714
real,Louvain,SVD,0.25,4,0.9605285305477874,0.9226150579962917,0.7588535762721839
real,Louvain,k-NN,0.25,4,1.0116352170083722,1.0234058122915763,0.7977491929806105
real,Louvain,NMF,0.25,4,1.013666232004891,1.0275192299069935,0.7937451378416867
real,Louvain,Co-Clustering,0.25,4,1.0047653657799662,1.0095534402709492,0.7825814290499945
real,Louvain,SlopeOne,0.25,4,0.971566614534186,0.9439416864774196,0.7620751498034654
real,Paris,NormalPredictor,0.25,4,1.4987594944910394,2.246280022327036,1.201537431498684
real,Paris,SVD,0.25,4,1.0099515436061024,1.0200021204323488,0.804870257497797
real,Paris,k-NN,0.25,4,1.1203884150236156,1.2552702005191296,0.8763297909447709
real,Paris,NMF,0.25,4,1.1328636234529674,1.283379989342987,0.8936879233217722
real,Paris,Co-Clustering,0.25,4,1.1177310197641688,1.2493226325430487,0.8720214356360262
real,Paris,SlopeOne,0.25,4,1.0870024244810677,1.1815742708277193,0.8520600637807966
real,Not-Applicable,NormalPredictor,0.25,5,1.5169244452640316,2.30105977263959,1.2143206274131482
real,Not-Applicable,SVD,0.25,5,0.9371332994158471,0.8782188208740318,0.741753623747346
real,Not-Applicable,k-NN,0.25,5,0.9774907473977289,0.9554881612481707,0.7742433838287839
real,Not-Applicable,NMF,0.25,5,0.9581358284314336,0.9180242657239897,0.7537623006800227
real,Not-Applicable,Co-Clustering,0.25,5,0.9632672974648865,0.927883886365306,0.754152834004983
real,Not-Applicable,SlopeOne,0.25,5,0.9393172328389605,0.882316863908242,0.740278922171
real,Louvain,NormalPredictor,0.25,5,1.4940743257307796,2.2322580908078837,1.1959684730583604
real,Louvain,SVD,0.25,5,0.9627387236034187,0.9268658499255398,0.7632085055546461
real,Louvain,k-NN,0.25,5,1.0081702700602513,1.0164072934333601,0.7928155849301373
real,Louvain,NMF,0.25,5,1.0167245210814426,1.0337287517682887,0.7989403399434667
real,Louvain,Co-Clustering,0.25,5,1.007646417767375,1.0153513032394232,0.7867307573574046
real,Louvain,SlopeOne,0.25,5,0.9703560230886867,0.9415908115444919,0.7636871064368294
real,Paris,NormalPredictor,0.25,5,1.5045988247938378,2.263817623570998,1.2042159726894526
real,Paris,SVD,0.25,5,1.0007015981167053,1.001403688473328,0.7965805794606334
real,Paris,k-NN,0.25,5,1.1145652894969287,1.2422557845513722,0.8735268356064881
real,Paris,NMF,0.25,5,1.1187607725909265,1.251625666288247,0.8833140416500141
real,Paris,Co-Clustering,0.25,5,1.0994960777278342,1.2088916249388917,0.8588212715224114
real,Paris,SlopeOne,0.25,5,1.069396838706887,1.143609598636284,0.838688499205695
real,Not-Applicable,NormalPredictor,0.1,1,1.5212382788667862,2.314165901089582,1.2211787544332644
real,Not-Applicable,SVD,0.1,1,0.9230596995304348,0.8520392088972165,0.7283736467515681
real,Not-Applicable,k-NN,0.1,1,0.9665016245121583,0.934125390184641,0.7621541432998081
real,Not-Applicable,NMF,0.1,1,0.9559397577658479,0.9138208204774281,0.7536397712932572
real,Not-Applicable,Co-Clustering,0.1,1,0.943915642439433,0.8909767400418476,0.738472123118419
real,Not-Applicable,SlopeOne,0.1,1,0.9381221867916633,0.8800732373507723,0.7385192095903089
real,Louvain,NormalPredictor,0.1,1,1.4994782817618881,2.2484351174755846,1.2041429893399278
real,Louvain,SVD,0.1,1,0.9493105716931745,0.9011905615284218,0.7503471368836139
real,Louvain,k-NN,0.1,1,0.9933773439099329,0.9867985473935532,0.7774190277164033
real,Louvain,NMF,0.1,1,0.9980922349069983,0.9961881093816466,0.7799773433285864
real,Louvain,Co-Clustering,0.1,1,0.9875255703038468,0.9752067520039378,0.7654076711115289
real,Louvain,SlopeOne,0.1,1,0.9640832771562519,0.9294565652923383,0.7536193346874069
real,Paris,NormalPredictor,0.1,1,1.520771626453768,2.312746339826839,1.2268092320390915
real,Paris,SVD,0.1,1,0.9402254835401352,0.8840239598982811,0.741831534682331
real,Paris,k-NN,0.1,1,0.9880836322582995,0.9763092643367545,0.779254347582008
real,Paris,NMF,0.1,1,0.9817282963488376,0.9637904478519911,0.7673467260745414
real,Paris,Co-Clustering,0.1,1,0.9716324674142247,0.9440696517334544,0.7617471063371278
real,Paris,SlopeOne,0.1,1,0.9479736804564048,0.8986540988380619,0.7451804678376317
real,Not-Applicable,NormalPredictor,0.1,2,1.514716956886858,2.294367459480583,1.2133256098660574
real,Not-Applicable,SVD,0.1,2,0.9214160996017805,0.8490076286053583,0.7261404873053592
real,Not-Applicable,k-NN,0.1,2,0.9632540916813596,0.9278584451408811,0.7627291722843353
real,Not-Applicable,NMF,0.1,2,0.9476563548853918,0.8980525669546676,0.7473248903205073
real,Not-Applicable,Co-Clustering,0.1,2,0.9526363070701687,0.9075159335482887,0.7458860812804023
real,Not-Applicable,SlopeOne,0.1,2,0.9328661695011914,0.8702392901998255,0.7351659992240341
real,Louvain,NormalPredictor,0.1,2,1.4981067404913166,2.244323805905517,1.2023599986987272
real,Louvain,SVD,0.1,2,0.9420738163039639,0.8875030753655148,0.7444254580449797
real,Louvain,k-NN,0.1,2,0.9845354513365923,0.9693100549385475,0.775067164344641
real,Louvain,NMF,0.1,2,0.9885936969290637,0.9773174976078736,0.7747714108869184
real,Louvain,Co-Clustering,0.1,2,0.981816310560464,0.9639632676825615,0.7647658943498346
real,Louvain,SlopeOne,0.1,2,0.9476339613853819,0.8980101247709515,0.7440819579075786
real,Paris,NormalPredictor,0.1,2,1.505542507053053,2.266658240543592,1.2095285182883053
real,Paris,SVD,0.1,2,0.9395569605334235,0.8827672820868052,0.7387043616854729
real,Paris,k-NN,0.1,2,0.9870636886579056,0.9742947254669507,0.7800324409922427
real,Paris,NMF,0.1,2,0.9630572891607271,0.9274793422056082,0.7545268560091193
real,Paris,Co-Clustering,0.1,2,0.9735999227116813,0.9478968095041918,0.7620042806272704
real,Paris,SlopeOne,0.1,2,0.9430318693188388,0.8893091065509834,0.7393399303193781
real,Not-Applicable,NormalPredictor,0.1,3,1.513548711164763,2.290829701068515,1.2131787427424523
real,Not-Applicable,SVD,0.1,3,0.9131164743624658,0.8337816957521396,0.7177676912839929
real,Not-Applicable,k-NN,0.1,3,0.9584142204681781,0.9185578179956255,0.7524715311412625
real,Not-Applicable,NMF,0.1,3,0.9455753250684584,0.8941126953783208,0.7403024224857202
real,Not-Applicable,Co-Clustering,0.1,3,0.9413806114236781,0.8861974555644181,0.7352439299940966
real,Not-Applicable,SlopeOne,0.1,3,0.9275466295710683,0.8603427500286485,0.7283043356797243
real,Louvain,NormalPredictor,0.1,3,1.490519337371413,2.221647895078116,1.194182113656573
real,Louvain,SVD,0.1,3,0.9356689872074476,0.8754764536218107,0.740501887752674
real,Louvain,k-NN,0.1,3,0.9790156698604615,0.9584716818323282,0.7672993682351803
real,Louvain,NMF,0.1,3,0.9797913284056563,0.9599910472189206,0.7664127054723534
real,Louvain,Co-Clustering,0.1,3,0.9730581912824683,0.9468422436219087,0.75791090725343
real,Louvain,SlopeOne,0.1,3,0.9444937540650562,0.8920684514679029,0.7379625579888317
real,Paris,NormalPredictor,0.1,3,1.4898901546112995,2.219772672807682,1.19335728797772
real,Paris,SVD,0.1,3,0.9477511860054652,0.8982323105747657,0.7493896264149431
real,Paris,k-NN,0.1,3,1.0208476886318913,1.042130003385075,0.7986085061536006
real,Paris,NMF,0.1,3,1.0177942171287222,1.0359050684206685,0.7936242183448261
real,Paris,Co-Clustering,0.1,3,1.0004851593113588,1.000970554002275,0.7797909225414175
real,Paris,SlopeOne,0.1,3,0.9784845793419266,0.9574320720099471,0.7645945120199116
real,Not-Applicable,NormalPredictor,0.1,4,1.5101747116158104,2.280627659603896,1.2141841330152303
real,Not-Applicable,SVD,0.1,4,0.937195367391466,0.8783351566600249,0.736533256157526
real,Not-Applicable,k-NN,0.1,4,0.9730301244853766,0.9467876231560276,0.7648047316899745
real,Not-Applicable,NMF,0.1,4,0.9592970779683598,0.9202508837986334,0.7536189305196557
real,Not-Applicable,Co-Clustering,0.1,4,0.9701132922662217,0.9411197998316077,0.755520613190895
real,Not-Applicable,SlopeOne,0.1,4,0.949331484547591,0.901230267553333,0.7441389744096645
real,Louvain,NormalPredictor,0.1,4,1.5131752385441202,2.289699302543055,1.213736899880573
real,Louvain,SVD,0.1,4,0.9497088931552885,0.9019469817382433,0.7463545887597058
real,Louvain,k-NN,0.1,4,0.9982704069875424,0.9965438054670737,0.7820264146733971
real,Louvain,NMF,0.1,4,0.9943149561120088,0.988662231948026,0.7733604241410483
real,Louvain,Co-Clustering,0.1,4,0.9967985774373013,0.9936074039810275,0.7727538296983965
real,Louvain,SlopeOne,0.1,4,0.9619797176594141,0.9254049771880862,0.7491989233515726
real,Paris,NormalPredictor,0.1,4,1.516231652472507,2.2989584239595096,1.2183322142154425
real,Paris,SVD,0.1,4,0.9526034352474003,0.907453304845148,0.7502903665521898
real,Paris,k-NN,0.1,4,0.9945932518333099,0.9892157365923578,0.7840706813080817
real,Paris,NMF,0.1,4,0.9795598375330207,0.9595374753077178,0.7676316622131262
real,Paris,Co-Clustering,0.1,4,0.9885765795770732,0.9772836536883055,0.7706693041173114
real,Paris,SlopeOne,0.1,4,0.9602299922547094,0.9220416380254792,0.7534491407086418
real,Not-Applicable,NormalPredictor,0.1,5,1.509730364478464,2.279285773428276,1.213074215131705
real,Not-Applicable,SVD,0.1,5,0.927167382354324,0.8596393549017692,0.7264262816264518
real,Not-Applicable,k-NN,0.1,5,0.9696886426061812,0.9402960635994181,0.7639114895870832
real,Not-Applicable,NMF,0.1,5,0.957337502391659,0.9164950934854998,0.7491333818822203
real,Not-Applicable,Co-Clustering,0.1,5,0.9688416794139841,0.9386541997697093,0.7592198715251895
real,Not-Applicable,SlopeOne,0.1,5,0.9370336932927223,0.8780321423657997,0.7346634908484131
real,Louvain,NormalPredictor,0.1,5,1.4837722643165583,2.2015801323550868,1.1891715515613708
real,Louvain,SVD,0.1,5,0.9454344345458123,0.89384627002496,0.7456311594555521
real,Louvain,k-NN,0.1,5,0.9906825503571687,0.9814519155821841,0.7791285389744513
real,Louvain,NMF,0.1,5,0.9850423218725004,0.9703083758799667,0.7708540862687386
real,Louvain,Co-Clustering,0.1,5,0.989187198719387,0.978491314110308,0.7693390868702544
real,Louvain,SlopeOne,0.1,5,0.9523956806402452,0.9070575325021959,0.7462478479766099
real,Paris,NormalPredictor,0.1,5,1.476701844197059,2.180648336654995,1.1794880487023827
real,Paris,SVD,0.1,5,1.0048601440143419,1.009743909028524,0.8017871888104601
real,Paris,k-NN,0.1,5,1.1316763857763519,1.2806914421238265,0.8844205936765311
real,Paris,NMF,0.1,5,1.1541457460553448,1.3320524031376484,0.9122558434924527
real,Paris,Co-Clustering,0.1,5,1.130606708239827,1.2782715287168973,0.8860328475611936
real,Paris,SlopeOne,0.1,5,1.0984620866965158,1.2066189559096638,0.8643366097898124
real,Not-Applicable,NormalPredictor,0.01,1,1.4700128063481679,2.160937650827616,1.1638554947122304
real,Not-Applicable,SVD,0.01,1,0.880715932956238,0.7756605545629766,0.6921055378306459
real,Not-Applicable,k-NN,0.01,1,0.9186671809554915,0.8439493893647098,0.719052376898443
real,Not-Applicable,NMF,0.01,1,0.9075428199553202,0.8236339700524548,0.7083645019733075
real,Not-Applicable,Co-Clustering,0.01,1,0.8965428514420617,0.8037890844718627,0.6949739937998645
real,Not-Applicable,SlopeOne,0.01,1,0.8906909532277641,0.7933303741617831,0.6959720455942778
real,Louvain,NormalPredictor,0.01,1,1.4366739654659095,2.0640320830475414,1.1404512660020383
real,Louvain,SVD,0.01,1,0.8908348901207795,0.7935868014565014,0.70973964133314
real,Louvain,k-NN,0.01,1,0.9371189636861998,0.8781919521002972,0.7346740565898565
real,Louvain,NMF,0.01,1,0.9184003991188523,0.8434592931016672,0.7234895413440348
real,Louvain,Co-Clustering,0.01,1,0.9297494218676806,0.8644339874632864,0.7170578503546282
real,Louvain,SlopeOne,0.01,1,0.9019172591952704,0.8134547424343086,0.7053554605610898
real,Paris,NormalPredictor,0.01,1,1.5125497097799079,2.2878066245552833,1.208777989279433
real,Paris,SVD,0.01,1,0.9122803821068844,0.8322554955770831,0.726996373219366
real,Paris,k-NN,0.01,1,0.9859413005941454,0.9720802482172751,0.7715972565847478
real,Paris,NMF,0.01,1,0.9619998197072807,0.9254436531168405,0.7476179139225964
real,Paris,Co-Clustering,0.01,1,0.9746327117221185,0.9499089227588102,0.7569034160678272
real,Paris,SlopeOne,0.01,1,0.9413906399249076,0.8862163369382269,0.7364797131859602
real,Not-Applicable,NormalPredictor,0.01,2,1.4986215793902746,2.245866638214201,1.1882393736186883
real,Not-Applicable,SVD,0.01,2,0.9173007652650415,0.8414406939558307,0.7174195790394318
real,Not-Applicable,k-NN,0.01,2,0.9579743333422951,0.9177148233426147,0.7489334678734845
real,Not-Applicable,NMF,0.01,2,0.9459544268386111,0.8948297776555653,0.7423891918905788
real,Not-Applicable,Co-Clustering,0.01,2,0.9450827554972825,0.8931814147383362,0.7360650883681115
real,Not-Applicable,SlopeOne,0.01,2,0.9316473633913689,0.8679668097140893,0.7299188844186646
real,Louvain,NormalPredictor,0.01,2,1.500456040789797,2.251368330342593,1.1868566140385242
real,Louvain,SVD,0.01,2,0.9440561141711262,0.8912419467038865,0.7488892596520029
real,Louvain,k-NN,0.01,2,0.9780137783409103,0.9565109506246633,0.7603973814601379
real,Louvain,NMF,0.01,2,0.989742224720456,0.9795896713945976,0.7846640187279259
real,Louvain,Co-Clustering,0.01,2,0.9819008022335887,0.964129185426965,0.7638799186347365
real,Louvain,SlopeOne,0.01,2,0.9533517758953811,0.908879608602877,0.7439314014734028
real,Paris,NormalPredictor,0.01,2,1.523222564326554,2.320206980473563,1.218188701152094
real,Paris,SVD,0.01,2,0.9539692109176385,0.910057255378822,0.7494898750220624
real,Paris,k-NN,0.01,2,0.9684618537915679,0.9379183622494002,0.7551210080076736
real,Paris,NMF,0.01,2,0.9707608436003025,0.9423766154675708,0.7586461007355146
real,Paris,Co-Clustering,0.01,2,0.9608815374997685,0.923293329107919,0.7479033629217502
real,Paris,SlopeOne,0.01,2,0.9350715785882353,0.8743588570834943,0.730165709368341
real,Not-Applicable,NormalPredictor,0.01,3,1.5330045814433364,2.350103046726259,1.239545861326158
real,Not-Applicable,SVD,0.01,3,0.8986291577652162,0.8075343631858218,0.7189284876794139
real,Not-Applicable,k-NN,0.01,3,0.9697436831246602,0.9404028109601813,0.7707683319207124
real,Not-Applicable,NMF,0.01,3,0.9344359186753376,0.8731704861106221,0.7417227928883242
real,Not-Applicable,Co-Clustering,0.01,3,0.9368266754171344,0.8776442197731208,0.7433757008556249
real,Not-Applicable,SlopeOne,0.01,3,0.9411805938519485,0.8858209102435065,0.7479536496010503
real,Louvain,NormalPredictor,0.01,3,1.4865146526021533,2.2097258124009005,1.1968265774415734
real,Louvain,SVD,0.01,3,0.9373629526626068,0.8786493050243604,0.7481561943774634
real,Louvain,k-NN,0.01,3,0.997862308231366,0.9957291861888297,0.7853067044685178
real,Louvain,NMF,0.01,3,0.9844241880551101,0.9690909820279627,0.770948367744252
real,Louvain,Co-Clustering,0.01,3,0.9900467709369235,0.980192608642629,0.7770694940846543
real,Louvain,SlopeOne,0.01,3,0.9471398191529566,0.8970738370250954,0.7481777651391194
real,Paris,NormalPredictor,0.01,3,1.5373830396855823,2.3635466107128806,1.2287366753680955
real,Paris,SVD,0.01,3,0.9906371796097458,0.9813620216251518,0.794096087932721
real,Paris,k-NN,0.01,3,1.075411597639088,1.1565101043366557,0.8522770776037987
real,Paris,NMF,0.01,3,1.0563761290194607,1.1159305259621402,0.8346840349730671
real,Paris,Co-Clustering,0.01,3,1.057764565239305,1.1188658754758962,0.8307408984055278
real,Paris,SlopeOne,0.01,3,1.0329604348522663,1.0670072599701832,0.8164830871545489
real,Not-Applicable,NormalPredictor,0.01,4,1.5159930568194626,2.298234948324818,1.2213389630734273
real,Not-Applicable,SVD,0.01,4,0.9100216582262886,0.8281394184409239,0.7257811028082349
real,Not-Applicable,k-NN,0.01,4,0.9617647857048739,0.924991503021942,0.7637638664380054
real,Not-Applicable,NMF,0.01,4,0.9434933919314397,0.8901797806182933,0.7478803000993474
real,Not-Applicable,Co-Clustering,0.01,4,0.9263946355685562,0.858207020810198,0.7388295028503714
real,Not-Applicable,SlopeOne,0.01,4,0.9232739448896659,0.8524347773121258,0.7361224446053143
real,Louvain,NormalPredictor,0.01,4,1.4967275307098646,2.2401933011848487,1.1991564916605215
real,Louvain,SVD,0.01,4,0.9293030143215755,0.8636040924271664,0.7462878562301559
real,Louvain,k-NN,0.01,4,0.9668885487943051,0.9348734657895572,0.7672383702357023
real,Louvain,NMF,0.01,4,0.9405733184144265,0.8846781673131262,0.7490023931086845
real,Louvain,Co-Clustering,0.01,4,0.9492570819299533,0.90108900759417,0.7543789260639963
real,Louvain,SlopeOne,0.01,4,0.9320071661661603,0.8686373577850768,0.7425715971263136
real,Paris,NormalPredictor,0.01,4,1.5304321093007947,2.3422224411788792,1.2515269927083208
real,Paris,SVD,0.01,4,0.9259104828554544,0.8573102222616207,0.7407227873273899
real,Paris,k-NN,0.01,4,0.9750544080471087,0.9507310986520977,0.7703381187915569
real,Paris,NMF,0.01,4,0.9647204557269168,0.9306855576979499,0.7655567625198919
real,Paris,Co-Clustering,0.01,4,0.9406410017678102,0.8848054942067495,0.7473210991511781
real,Paris,SlopeOne,0.01,4,0.9259145337724043,0.8573177238509688,0.7358142736559412
real,Not-Applicable,NormalPredictor,0.01,5,1.5113542631639287,2.2841917087837817,1.2171514427131676
real,Not-Applicable,SVD,0.01,5,0.9189979412929083,0.8445572161006039,0.7147383798894049
real,Not-Applicable,k-NN,0.01,5,0.9622156725865342,0.9258590005711563,0.7554258883535829
real,Not-Applicable,NMF,0.01,5,0.9470250870363369,0.8968565154761815,0.7400498045416263
real,Not-Applicable,Co-Clustering,0.01,5,0.9616565699262544,0.924783358482329,0.7471512460796768
real,Not-Applicable,SlopeOne,0.01,5,0.9373222841726967,0.8785730644067217,0.733845087077651
real,Louvain,NormalPredictor,0.01,5,1.5044514799118742,2.263374255409029,1.2325058413506913
real,Louvain,SVD,0.01,5,0.9327595069354438,0.8700402977784524,0.7370894268593402
real,Louvain,k-NN,0.01,5,0.972620020398477,0.9459897040799338,0.767805940306374
real,Louvain,NMF,0.01,5,0.978043922919971,0.9565699151606862,0.7583692236995412
real,Louvain,Co-Clustering,0.01,5,0.9873028136593055,0.9747668458595814,0.7657145650976633
real,Louvain,SlopeOne,0.01,5,0.958861160298316,0.9194147247286328,0.7444252603273306
real,Paris,NormalPredictor,0.01,5,1.4868369621308695,2.2106841519585525,1.178112843492047
real,Paris,SVD,0.01,5,0.922227132840065,0.8505028845464069,0.7163411600153081
real,Paris,k-NN,0.01,5,0.982431059412637,0.9651707864986362,0.7629423275646676
real,Paris,NMF,0.01,5,0.9569592124352011,0.9157709342646004,0.7443461517051431
real,Paris,Co-Clustering,0.01,5,0.9771244349307953,0.954772161338826,0.7481507286514929
real,Paris,SlopeOne,0.01,5,0.9439428137703364,0.8910280356686601,0.7339649326722146
