community_detector,used_communities,algorithm_rec,test_size,split_id,rmse,mse,mae
Not-Applicable,,NormalPredictor,0.25,1,1.508074322969952,2.2742881636012795,1.208933049601434
Not-Applicable,,SVD,0.25,1,0.9431724291106144,0.889574231034417,0.7438041878626576
Not-Applicable,,k-NN,0.25,1,0.9854889784971244,0.9711885267393057,0.777343247665451
Not-Applicable,,NMF,0.25,1,0.9662995295844483,0.9337347808751261,0.7608269775819083
Not-Applicable,,Co-Clustering,0.25,1,0.9777424120534779,0.9559802243281529,0.7652850393592977
Not-Applicable,,SlopeOne,0.25,1,0.9490275799052202,0.9006533474207592,0.7465568831448
Louvain,1.0,NormalPredictor,0.25,1,1.522096144379485,2.316776672734894,1.2215122955733753
Louvain,2.0,NormalPredictor,0.25,1,1.5183078288287557,2.3052586630826903,1.2193864616739276
Louvain,3.0,NormalPredictor,0.25,1,1.518833491096266,2.306855173675671,1.2202301593705664
Louvain,4.0,NormalPredictor,0.25,1,1.5175998231122656,2.30310922311038,1.218612941123388
Louvain,1.0,SVD,0.25,1,1.2349293684368532,1.525050545027845,1.0116212604802046
Louvain,2.0,SVD,0.25,1,1.2320631921728618,1.5179797095071823,1.009049990209484
Louvain,3.0,SVD,0.25,1,1.2271711813967412,1.5059491084506733,1.0049545008965153
Louvain,4.0,SVD,0.25,1,1.2231823111251043,1.4961749662493513,1.0011684314173797
Louvain,1.0,k-NN,0.25,1,1.47928852612552,2.1882945435266135,1.2024632220493763
Louvain,2.0,k-NN,0.25,1,1.4701758658955555,2.1614170766617464,1.1935729444481185
Louvain,3.0,k-NN,0.25,1,1.4697340813082016,2.1601182697588635,1.1909403438686883
Louvain,4.0,k-NN,0.25,1,1.4633796253618945,2.1414799279243186,1.1841098337706137
Louvain,1.0,NMF,0.25,1,1.5077973958577864,2.2734529869555224,1.2316856853171265
Louvain,2.0,NMF,0.25,1,1.5094354428770778,2.2783953562135197,1.2318863547743026
Louvain,3.0,NMF,0.25,1,1.5107164845175654,2.282264296593111,1.2320667537601033
Louvain,4.0,NMF,0.25,1,1.5087051540479577,2.2761912418508716,1.2296419505443648
Louvain,1.0,Co-Clustering,0.25,1,1.5004125545017566,2.2512378337064867,1.2209158988428925
Louvain,2.0,Co-Clustering,0.25,1,1.4874429936277178,2.212486659292187,1.2105380644010717
Louvain,3.0,Co-Clustering,0.25,1,1.4844490072465435,2.2035888551152483,1.20642493999719
Louvain,4.0,Co-Clustering,0.25,1,1.4771050287871332,2.1818392660682377,1.1990195354893403
Louvain,1.0,SlopeOne,0.25,1,1.4836721245018023,2.2012829730236914,1.212114566282268
Louvain,2.0,SlopeOne,0.25,1,1.474562949019522,2.1743358906211494,1.2029314558457174
Louvain,3.0,SlopeOne,0.25,1,1.4685997707704657,2.156785286707064,1.1976044593333943
Louvain,4.0,SlopeOne,0.25,1,1.4613229359849225,2.135464723235594,1.190628416947636
Paris,1.0,NormalPredictor,0.25,1,1.525466788079516,2.327048921533635,1.2265626817323185
Paris,2.0,NormalPredictor,0.25,1,1.5229137395698993,2.319266258170775,1.2238403396921653
Paris,1.0,SVD,0.25,1,1.2298136345592425,1.512441575747814,1.0070329993388663
Paris,2.0,SVD,0.25,1,1.230312089978054,1.513667838746167,1.0075603129144768
Paris,1.0,k-NN,0.25,1,1.4815648131201706,2.195034295475806,1.1988992539020684
Paris,2.0,k-NN,0.25,1,1.4815648131201706,2.195034295475806,1.1988992539020684
Paris,1.0,NMF,0.25,1,1.534573804255174,2.354916760706197,1.250576085485342
Paris,2.0,NMF,0.25,1,1.5346573791383482,2.355173271343784,1.2511064263036333
Paris,1.0,Co-Clustering,0.25,1,1.492107338568646,2.2263843098104084,1.2127473057193994
Paris,2.0,Co-Clustering,0.25,1,1.4930588666538203,2.22922477929359,1.2131687377704452
Paris,1.0,SlopeOne,0.25,1,1.4909080925211229,2.2228069403449733,1.2122413584004652
Paris,2.0,SlopeOne,0.25,1,1.490908092521123,2.2228069403449737,1.2122413584004652
Not-Applicable,,NormalPredictor,0.25,2,1.518381916843104,2.305483645396139,1.2183283030442988
Not-Applicable,,SVD,0.25,2,0.9383084056215316,0.8804226640600208,0.7388429788132398
Not-Applicable,,k-NN,0.25,2,0.9800565356374707,0.9605108130457211,0.7738247685513775
Not-Applicable,,NMF,0.25,2,0.9660489436584468,0.933250561543601,0.7578681380710922
Not-Applicable,,Co-Clustering,0.25,2,0.9744953883342402,0.9496412618847015,0.764038919498416
Not-Applicable,,SlopeOne,0.25,2,0.9421658857092389,0.8876765561942745,0.7397877742232669
Louvain,1.0,NormalPredictor,0.25,2,1.5258661968774874,2.328267650773367,1.2237732608874738
Louvain,2.0,NormalPredictor,0.25,2,1.5221417309109935,2.316915448980715,1.22097312104647
Louvain,3.0,NormalPredictor,0.25,2,1.5240303134982516,2.322668396461579,1.2225540266430046
Louvain,4.0,NormalPredictor,0.25,2,1.523311591760483,2.320478205591856,1.2227025714934712
Louvain,1.0,SVD,0.25,2,1.2502457594513998,1.5631144590262076,1.0258416643086605
Louvain,2.0,SVD,0.25,2,1.2444365291573931,1.5486222751012992,1.0211973018782348
Louvain,3.0,SVD,0.25,2,1.2386111238323583,1.5341575160812577,1.0162205265670146
Louvain,4.0,SVD,0.25,2,1.2339994462834272,1.5227546334278046,1.0123021592693888
Louvain,1.0,k-NN,0.25,2,1.4854276981676795,2.2064954464837307,1.2091534657442329
Louvain,2.0,k-NN,0.25,2,1.4770364595909267,2.1816367029608994,1.1992130371890943
Louvain,3.0,k-NN,0.25,2,1.4743749133673447,2.173781385166965,1.1942206335739798
Louvain,4.0,k-NN,0.25,2,1.4737747569141757,2.172012034117438,1.1914612133092968
Louvain,1.0,NMF,0.25,2,1.5295559131748788,2.339541291528237,1.2499887960354603
Louvain,2.0,NMF,0.25,2,1.5213772112494195,2.314588618909061,1.2426607987295075
Louvain,3.0,NMF,0.25,2,1.5239347290131424,2.3223770582923597,1.242692810562018
Louvain,4.0,NMF,0.25,2,1.5264367641558652,2.3300091949666286,1.2431516462446328
Louvain,1.0,Co-Clustering,0.25,2,1.515217967926442,2.295885490327136,1.2359263813668546
Louvain,2.0,Co-Clustering,0.25,2,1.5061390247319193,2.2684547618204167,1.22658443577271
Louvain,3.0,Co-Clustering,0.25,2,1.4993597321376737,2.2480796063559567,1.2185847665229848
Louvain,4.0,Co-Clustering,0.25,2,1.4938566090990117,2.2316075685487973,1.2125065484609894
Louvain,1.0,SlopeOne,0.25,2,1.4876050423566851,2.212968762045035,1.2134896622840519
Louvain,2.0,SlopeOne,0.25,2,1.4874168089667803,2.2124087635969194,1.2112662281104738
Louvain,3.0,SlopeOne,0.25,2,1.4811803661445453,2.193895277052089,1.2046741312013085
Louvain,4.0,SlopeOne,0.25,2,1.4793944587954269,2.1886079647146137,1.20177544819334
Paris,1.0,NormalPredictor,0.25,2,1.5213757150185427,2.3145840662481825,1.2187812093861263
Paris,2.0,NormalPredictor,0.25,2,1.5200743001369459,2.310625877936826,1.218468738739854
Paris,1.0,SVD,0.25,2,1.2448661123826703,1.549691637758743,1.0205839737895486
Paris,2.0,SVD,0.25,2,1.2455253966657724,1.5513335137394297,1.0208381877461887
Paris,1.0,k-NN,0.25,2,1.4829938450646851,2.1992707444997395,1.2018765644240315
Paris,2.0,k-NN,0.25,2,1.4829938450646851,2.1992707444997395,1.2018765644240315
Paris,1.0,NMF,0.25,2,1.535853114201993,2.3588447884039603,1.2532105850949196
Paris,2.0,NMF,0.25,2,1.5410129782201687,2.374720999042994,1.2578441402248706
Paris,1.0,Co-Clustering,0.25,2,1.5121974788732124,2.2867412151104998,1.230736662847011
Paris,2.0,Co-Clustering,0.25,2,1.5096034993034833,2.278902725109322,1.2287276503778697
Paris,1.0,SlopeOne,0.25,2,1.4962869693872203,2.2388746947579925,1.21872481372615
Paris,2.0,SlopeOne,0.25,2,1.4962869693872203,2.238874694757992,1.21872481372615
Not-Applicable,,NormalPredictor,0.25,3,1.5140147786687284,2.2922407500273185,1.2172184483497304
Not-Applicable,,SVD,0.25,3,0.942299931598476,0.8879291610904927,0.7417722262675596
Not-Applicable,,k-NN,0.25,3,0.979819290528233,0.96004584209125,0.773820636146987
Not-Applicable,,NMF,0.25,3,0.9676538234891517,0.9363539221131744,0.7595989206681326
Not-Applicable,,Co-Clustering,0.25,3,0.9674267573319183,0.9359145308017502,0.7556680484498759
Not-Applicable,,SlopeOne,0.25,3,0.9485197644586493,0.8996897435686915,0.7451850671888801
Louvain,1.0,NormalPredictor,0.25,3,1.5134466379432614,2.2905207259017613,1.2149137062306128
Louvain,2.0,NormalPredictor,0.25,3,1.5208396292511832,2.3129531779008765,1.2215965666659587
Louvain,3.0,NormalPredictor,0.25,3,1.5229035237482695,2.319235142644896,1.2232828580754898
Louvain,4.0,NormalPredictor,0.25,3,1.5237809615511402,2.3219084187857173,1.2239193824272592
Louvain,1.0,SVD,0.25,3,1.2488036890680234,1.5595106538299046,1.0199348010431
Louvain,2.0,SVD,0.25,3,1.2467842189180445,1.554470888543078,1.0170492214038083
Louvain,3.0,SVD,0.25,3,1.2427520752667647,1.5444327205798503,1.0135195991253685
Louvain,4.0,SVD,0.25,3,1.2369463426063239,1.5300362544871613,1.0090912502095448
Louvain,1.0,k-NN,0.25,3,1.4762242557848173,2.179238053367438,1.2004228213488102
Louvain,2.0,k-NN,0.25,3,1.4645133048990586,2.144799220226363,1.1865813204272415
Louvain,3.0,k-NN,0.25,3,1.4768049890501622,2.18095297568345,1.1948735287734054
Louvain,4.0,k-NN,0.25,3,1.4725183604361964,2.1683103218217044,1.1897044815986575
Louvain,1.0,NMF,0.25,3,1.5035551226890222,2.260678006964401,1.2265408347910458
Louvain,2.0,NMF,0.25,3,1.503363339882003,2.2601013317011707,1.2233489889975109
Louvain,3.0,NMF,0.25,3,1.5175749514074919,2.3030337331394515,1.2338760144124514
Louvain,4.0,NMF,0.25,3,1.5175699484126133,2.303018548325062,1.2334087927626693
Louvain,1.0,Co-Clustering,0.25,3,1.5130398987769984,2.28928973529111,1.235553497985358
Louvain,2.0,Co-Clustering,0.25,3,1.492690493441874,2.2281249092117457,1.215146608865307
Louvain,3.0,Co-Clustering,0.25,3,1.5055647938599412,2.266725348510527,1.2244895885532716
Louvain,4.0,Co-Clustering,0.25,3,1.4979336529271026,2.2438052285715333,1.217066076606408
Louvain,1.0,SlopeOne,0.25,3,1.4752958669766956,2.17649789511852,1.20287694645014
Louvain,2.0,SlopeOne,0.25,3,1.4697960539330959,2.1603004401573003,1.1960185351840689
Louvain,3.0,SlopeOne,0.25,3,1.4711746454876604,2.1643548375257433,1.1960909386430723
Louvain,4.0,SlopeOne,0.25,3,1.4669442297055348,2.151925373066365,1.1920479061701676
Paris,1.0,NormalPredictor,0.25,3,1.5240095576330286,2.3226051317568195,1.2266956672663942
Paris,2.0,NormalPredictor,0.25,3,1.5243107593765426,2.323523291151092,1.2261311411704168
Paris,1.0,SVD,0.25,3,1.2382641375772898,1.5332980744100295,1.0104817798251926
Paris,2.0,SVD,0.25,3,1.2388564118828138,1.5347652092631598,1.0104022821237997
Paris,1.0,k-NN,0.25,3,1.4811063597040317,2.1936760487557287,1.1987594849657315
Paris,2.0,k-NN,0.25,3,1.4811063597040317,2.1936760487557287,1.1987594849657315
Paris,1.0,NMF,0.25,3,1.5219638650255098,2.3163740064433886,1.2363043331274775
Paris,2.0,NMF,0.25,3,1.5246498976734293,2.3245573104755985,1.239325507042312
Paris,1.0,Co-Clustering,0.25,3,1.505020346633167,2.2650862437798183,1.2233720885868171
Paris,2.0,Co-Clustering,0.25,3,1.5057499501629643,2.2672829124157694,1.223582538340779
Paris,1.0,SlopeOne,0.25,3,1.471915809770024,2.1665361510509458,1.1970187017958882
Paris,2.0,SlopeOne,0.25,3,1.471915809770024,2.1665361510509453,1.1970187017958882
Not-Applicable,,NormalPredictor,0.25,4,1.5149346469577603,2.2950269845530338,1.214798733499435
Not-Applicable,,SVD,0.25,4,0.9352456835286015,0.874684488558881,0.7374883396724085
Not-Applicable,,k-NN,0.25,4,0.9798221940357273,0.9600515319249866,0.7755928262948026
Not-Applicable,,NMF,0.25,4,0.9665794253181647,0.9342757854483934,0.7608873346000704
Not-Applicable,,Co-Clustering,0.25,4,0.9615881466701772,0.9246517638165862,0.753360817161157
Not-Applicable,,SlopeOne,0.25,4,0.9439962500606676,0.8911289201286023,0.7423790050985054
Louvain,1.0,NormalPredictor,0.25,4,1.5163636771651297,2.2993588014257536,1.217818051204434
Louvain,2.0,NormalPredictor,0.25,4,1.522835452823953,2.3190278163775337,1.2241557473604292
Louvain,3.0,NormalPredictor,0.25,4,1.524263073909833,2.323377918485053,1.2255616845474784
Louvain,4.0,NormalPredictor,0.25,4,1.5240904373748065,2.3228516612973293,1.2254321076757677
Louvain,1.0,SVD,0.25,4,1.2381747761837132,1.5330767763775883,1.0164606549184625
Louvain,2.0,SVD,0.25,4,1.2329400812991549,1.5201412440739668,1.0119224993261133
Louvain,3.0,SVD,0.25,4,1.2299829056068246,1.5128579480850064,1.0095901328902455
Louvain,4.0,SVD,0.25,4,1.2257187955041386,1.5023865656521165,1.0055995495338692
Louvain,1.0,k-NN,0.25,4,1.4883964194128347,2.2153239013209474,1.2072325405070012
Louvain,2.0,k-NN,0.25,4,1.4947229734956233,2.234196767495598,1.2118678254569417
Louvain,3.0,k-NN,0.25,4,1.4934237324416562,2.2303144446199674,1.2094337066244392
Louvain,4.0,k-NN,0.25,4,1.4857346995741194,2.207407597518599,1.2015016157721263
Louvain,1.0,NMF,0.25,4,1.5338186323760363,2.3525995970238944,1.2439984539706122
Louvain,2.0,NMF,0.25,4,1.5342774643434998,2.354007337592319,1.2479305652076298
Louvain,3.0,NMF,0.25,4,1.5337183654808937,2.352292024613384,1.2478093087223097
Louvain,4.0,NMF,0.25,4,1.529798585662945,2.3402837126963467,1.2443565807308992
Louvain,1.0,Co-Clustering,0.25,4,1.504551353739408,2.263674776039085,1.2222451715747353
Louvain,2.0,Co-Clustering,0.25,4,1.5081172524251065,2.274417647062253,1.2253403692544103
Louvain,3.0,Co-Clustering,0.25,4,1.5043027456843268,2.262926750673404,1.2218091881887392
Louvain,4.0,Co-Clustering,0.25,4,1.4944589163694446,2.233407452716135,1.212421599624088
Louvain,1.0,SlopeOne,0.25,4,1.4988226260704656,2.246469264420767,1.2199652089391364
Louvain,2.0,SlopeOne,0.25,4,1.490402692069546,2.22130018452815,1.214885217909792
Louvain,3.0,SlopeOne,0.25,4,1.48756334378447,2.212844701771233,1.2117227952248144
Louvain,4.0,SlopeOne,0.25,4,1.4826175669330988,2.1981548497786214,1.2064077164244353
Paris,1.0,NormalPredictor,0.25,4,1.5281883294597234,2.3353595702969,1.2305975115421792
Paris,2.0,NormalPredictor,0.25,4,1.522795263105663,2.3189054133370455,1.2244797157556735
Paris,3.0,NormalPredictor,0.25,4,1.5219277175592838,2.316263977475211,1.2230573326005718
Paris,1.0,SVD,0.25,4,1.2315428636232855,1.5166978249414422,1.0109189073800087
Paris,2.0,SVD,0.25,4,1.2285433489349031,1.509318760212187,1.0085207500342763
Paris,3.0,SVD,0.25,4,1.2243411287164012,1.4990111994665516,1.0051398691950664
Paris,1.0,k-NN,0.25,4,1.4973269149877,2.241987890346583,1.2129782605194217
Paris,2.0,k-NN,0.25,4,1.4878099969851548,2.2135785871289664,1.2035244251014814
Paris,3.0,k-NN,0.25,4,1.4824808956586895,2.19774960599299,1.1986077128053372
Paris,1.0,NMF,0.25,4,1.5333007940047516,2.3510113248956017,1.2508736404437906
Paris,2.0,NMF,0.25,4,1.5266228031878557,2.3305771832131463,1.2430320371479617
Paris,3.0,NMF,0.25,4,1.5219936132763427,2.3164645588539776,1.2392719986553506
Paris,1.0,Co-Clustering,0.25,4,1.5090048973837684,2.2770957803281977,1.2246269394616267
Paris,2.0,Co-Clustering,0.25,4,1.501498125643618,2.254496621311298,1.2176923260378525
Paris,3.0,Co-Clustering,0.25,4,1.4947220928775566,2.234194134936263,1.2117941646018278
Paris,1.0,SlopeOne,0.25,4,1.4855372129128408,2.206820810948851,1.2114696350364782
Paris,2.0,SlopeOne,0.25,4,1.482171982667677,2.1968337862050324,1.207389777327767
Paris,3.0,SlopeOne,0.25,4,1.4774860413204676,2.1829650022968266,1.2031794200518058
Not-Applicable,,NormalPredictor,0.25,5,1.5248578934222128,2.3251915951320283,1.2234580401088393
Not-Applicable,,SVD,0.25,5,0.9461270396480503,0.8951563751531834,0.7474092040650898
Not-Applicable,,k-NN,0.25,5,0.9879101095005731,0.9759663844534344,0.78184183438645
Not-Applicable,,NMF,0.25,5,0.9751882795996223,0.9509921806684711,0.7677684668255206
Not-Applicable,,Co-Clustering,0.25,5,0.9680224111643208,0.9370673885163852,0.7582453578425284
Not-Applicable,,SlopeOne,0.25,5,0.9539436184928629,0.9100084272632567,0.7504719398450248
Louvain,1.0,NormalPredictor,0.25,5,1.5250108631902874,2.325658132848386,1.2273633657499399
Louvain,2.0,NormalPredictor,0.25,5,1.527326804904035,2.332727168978368,1.2280531623774382
Louvain,3.0,NormalPredictor,0.25,5,1.5291021803204399,2.3381534778607227,1.2296408511468764
Louvain,4.0,NormalPredictor,0.25,5,1.5304773224293042,2.3423608344703726,1.2309122601660247
Louvain,1.0,SVD,0.25,5,1.2447867551984642,1.5494940659175214,1.016461651377626
Louvain,2.0,SVD,0.25,5,1.2391526474784884,1.5354992837529469,1.0120580406056157
Louvain,3.0,SVD,0.25,5,1.2363927526798306,1.5286670388792087,1.010009765358651
Louvain,4.0,SVD,0.25,5,1.232395409949637,1.5187984464649338,1.006632670607823
Louvain,1.0,k-NN,0.25,5,1.4835952696004766,2.201054923980911,1.2018999973345572
Louvain,2.0,k-NN,0.25,5,1.4889068234966698,2.2168435290549438,1.2057451922146578
Louvain,3.0,k-NN,0.25,5,1.4964700252985275,2.2394225366169755,1.2096466331334739
Louvain,4.0,k-NN,0.25,5,1.4890408042823926,2.217242516817955,1.2023277673610933
Louvain,1.0,NMF,0.25,5,1.532851161859026,2.3496326844125655,1.246264802074877
Louvain,2.0,NMF,0.25,5,1.5286317386016044,2.336714992260164,1.2439178863840836
Louvain,3.0,NMF,0.25,5,1.5365120696329297,2.3608693401276692,1.2494481117590224
Louvain,4.0,NMF,0.25,5,1.530412998449714,2.342163945823844,1.243757400564398
Louvain,1.0,Co-Clustering,0.25,5,1.5038694787782727,2.261623409200834,1.2228832882712328
Louvain,2.0,Co-Clustering,0.25,5,1.504059200326892,2.26219407808797,1.2224507351476508
Louvain,3.0,Co-Clustering,0.25,5,1.509302998789112,2.2779955421538065,1.2259545740174604
Louvain,4.0,Co-Clustering,0.25,5,1.4990865830570004,2.2472605835015127,1.2165646145358966
Louvain,1.0,SlopeOne,0.25,5,1.4844860147598489,2.2036987280175784,1.2085593154320304
Louvain,2.0,SlopeOne,0.25,5,1.4768636502044221,2.18112624129513,1.201617567713023
Louvain,3.0,SlopeOne,0.25,5,1.4792365265954657,2.1881407016142176,1.20329101264678
Louvain,4.0,SlopeOne,0.25,5,1.4732821335591606,2.170560245064632,1.1976086386128868
Paris,1.0,NormalPredictor,0.25,5,1.531389825361817,2.345154797221696,1.2312005604797376
Paris,2.0,NormalPredictor,0.25,5,1.5261549557576408,2.3291489489836064,1.2235188333132228
Paris,3.0,NormalPredictor,0.25,5,1.5265798873764966,2.330446152542437,1.2239818035165255
Paris,1.0,SVD,0.25,5,1.2491543940360754,1.560386700139635,1.0177496008870104
Paris,2.0,SVD,0.25,5,1.237977209802005,1.5325875719891577,1.0086634637413343
Paris,3.0,SVD,0.25,5,1.2341537285129525,1.5231354256024223,1.0058220698189468
Paris,1.0,k-NN,0.25,5,1.5092889958834685,2.277953273094929,1.2219813742090735
Paris,2.0,k-NN,0.25,5,1.4853223530541864,2.206182492482425,1.200739357547515
Paris,3.0,k-NN,0.25,5,1.4853189400690419,2.206172353727822,1.200393390622626
Paris,1.0,NMF,0.25,5,1.5370944301296137,2.362659287135482,1.2509618445808193
Paris,2.0,NMF,0.25,5,1.5209556934743762,2.3133062215121205,1.2374014438427468
Paris,3.0,NMF,0.25,5,1.5265094324280715,2.3302310472918726,1.2424935690940988
Paris,1.0,Co-Clustering,0.25,5,1.531130318381947,2.344360051868402,1.2455841578013913
Paris,2.0,Co-Clustering,0.25,5,1.5010615615041907,2.253185811425399,1.219256249470608
Paris,3.0,Co-Clustering,0.25,5,1.4994078024811892,2.248223758141469,1.2179586300154295
Paris,1.0,SlopeOne,0.25,5,1.491653046550168,2.2250288112823977,1.2129311135893335
Paris,2.0,SlopeOne,0.25,5,1.4677090240402442,2.154169779249166,1.1923253260288775
Paris,3.0,SlopeOne,0.25,5,1.467129608903081,2.1524692893201074,1.1918875678461927
Not-Applicable,,NormalPredictor,0.1,1,1.5287705066525739,2.3371392620107674,1.2276106751542257
Not-Applicable,,SVD,0.1,1,0.9312883004648203,0.8672978985826534,0.7351897208584048
Not-Applicable,,k-NN,0.1,1,0.9709975341145213,0.942836211256481,0.7681403866896748
Not-Applicable,,NMF,0.1,1,0.9616487464474703,0.9247683115439912,0.7571489319840937
Not-Applicable,,Co-Clustering,0.1,1,0.9654649279253781,0.9321225270539555,0.7599166779405682
Not-Applicable,,SlopeOne,0.1,1,0.9467225245865112,0.8962835385594572,0.7468970049319028
Louvain,1.0,NormalPredictor,0.1,1,1.524109313831712,2.3229092005085725,1.22411012032084
Louvain,2.0,NormalPredictor,0.1,1,1.5198268369932975,2.3098736144450513,1.2222511735852888
Louvain,3.0,NormalPredictor,0.1,1,1.5191747330930006,2.3078918696681896,1.2195958945626035
Louvain,4.0,NormalPredictor,0.1,1,1.5223245523085391,2.317472042561394,1.2230872299491329
Louvain,1.0,SVD,0.1,1,1.2541082402562926,1.5727874782787348,1.0301179598863504
Louvain,2.0,SVD,0.1,1,1.246702638594864,1.5542674690793965,1.0244017628066684
Louvain,3.0,SVD,0.1,1,1.2429992526913447,1.5450471421912415,1.0204482501246432
Louvain,4.0,SVD,0.1,1,1.2393939940266263,1.5360974724292729,1.0175300077830074
Louvain,1.0,k-NN,0.1,1,1.4927784995192626,2.228387648626981,1.2155579103945393
Louvain,2.0,k-NN,0.1,1,1.4907815185164557,2.2224295359502295,1.2122301205496278
Louvain,3.0,k-NN,0.1,1,1.4828488758576717,2.198840788632361,1.2045060558113199
Louvain,4.0,k-NN,0.1,1,1.4821047352687255,2.196634446305979,1.2026808214840423
Louvain,1.0,NMF,0.1,1,1.514949032388742,2.295070570735586,1.2358194584681113
Louvain,2.0,NMF,0.1,1,1.5107895360491268,2.2824850222355355,1.2319281058642682
Louvain,3.0,NMF,0.1,1,1.5110114806250852,2.2831556945808122,1.2319129008915897
Louvain,4.0,NMF,0.1,1,1.5111219865667718,2.2834896582855064,1.2314210258973857
Louvain,1.0,Co-Clustering,0.1,1,1.518340052533906,2.305356515128664,1.2397306306304061
Louvain,2.0,Co-Clustering,0.1,1,1.5109055188268745,2.2828354868215066,1.2329562610526859
Louvain,3.0,Co-Clustering,0.1,1,1.4999499736531547,2.2498499234620994,1.2222782027268329
Louvain,4.0,Co-Clustering,0.1,1,1.4953240931243958,2.235994143478297,1.2172814473281501
Louvain,1.0,SlopeOne,0.1,1,1.4792416306883844,2.188155801961631,1.2095329145005203
Louvain,2.0,SlopeOne,0.1,1,1.4750229487711788,2.1756926994016235,1.2047247401227752
Louvain,3.0,SlopeOne,0.1,1,1.4744464431758006,2.17399231379377,1.202591812625517
Louvain,4.0,SlopeOne,0.1,1,1.4715349375888356,2.165415072544578,1.1994284517191747
Paris,1.0,NormalPredictor,0.1,1,1.5142653336736218,2.2929995007656854,1.21768258890424
Paris,2.0,NormalPredictor,0.1,1,1.5195554516764946,2.309048770719756,1.225094895290216
Paris,1.0,SVD,0.1,1,1.2500096556636409,1.5625241392523341,1.0247942110302468
Paris,2.0,SVD,0.1,1,1.2481923137905269,1.5579840522057489,1.0230654936118733
Paris,1.0,k-NN,0.1,1,1.4969376028013202,2.240822186680563,1.2131725231019128
Paris,2.0,k-NN,0.1,1,1.4969376028013202,2.240822186680563,1.2131725231019128
Paris,1.0,NMF,0.1,1,1.5231358908571095,2.319942942017081,1.2424426416663608
Paris,2.0,NMF,0.1,1,1.5227974927464856,2.3189122039149828,1.2410612932786074
Paris,1.0,Co-Clustering,0.1,1,1.5271007369658784,2.332036660841729,1.2460913103640117
Paris,2.0,Co-Clustering,0.1,1,1.523020611513131,2.3195917830938315,1.2419916635250283
Paris,1.0,SlopeOne,0.1,1,1.4931749650011672,2.2295714761062366,1.2198321779610704
Paris,2.0,SlopeOne,0.1,1,1.4931749650011672,2.2295714761062366,1.2198321779610701
Not-Applicable,,NormalPredictor,0.1,2,1.5062986413502,2.268935596933458,1.210548668953986
Not-Applicable,,SVD,0.1,2,0.9278249437716873,0.8608591262849348,0.7293768181603111
Not-Applicable,,k-NN,0.1,2,0.9629466645927449,0.9272662788502923,0.7627896554462383
Not-Applicable,,NMF,0.1,2,0.9545208356314869,0.9111100256546321,0.7510975069258948
Not-Applicable,,Co-Clustering,0.1,2,0.9521083132977172,0.906510240250624,0.7451131912766846
Not-Applicable,,SlopeOne,0.1,2,0.941283695610396,0.8860149956219646,0.7400897717288164
Louvain,1.0,NormalPredictor,0.1,2,1.5077358441985682,2.2732673758811694,1.214154687704154
Louvain,2.0,NormalPredictor,0.1,2,1.5189068376164376,2.3070779813579674,1.2217619811151672
Louvain,3.0,NormalPredictor,0.1,2,1.5281711013217585,2.3353069149149563,1.2286601542788
Louvain,4.0,NormalPredictor,0.1,2,1.5252583969618823,2.326413177502731,1.2262374960870805
Louvain,1.0,SVD,0.1,2,1.2429136923068682,1.5448344465238923,1.018876445022641
Louvain,2.0,SVD,0.1,2,1.2382805535635828,1.5333387293337333,1.0145137060276146
Louvain,3.0,SVD,0.1,2,1.2355952230017064,1.5266955551046364,1.0119209789061303
Louvain,4.0,SVD,0.1,2,1.2309757597560484,1.5153013211069806,1.0083645079940544
Louvain,1.0,k-NN,0.1,2,1.5252272465953123,2.3263181537567172,1.233908294669973
Louvain,2.0,k-NN,0.1,2,1.502766142860755,2.2583060801285915,1.2130889262244258
Louvain,3.0,k-NN,0.1,2,1.5170416039310024,2.3014152280575484,1.22306884356576
Louvain,4.0,k-NN,0.1,2,1.5128428533064293,2.2886934988003387,1.2176735848361937
Louvain,1.0,NMF,0.1,2,1.5372588153102043,2.3631646652489326,1.2494233276226387
Louvain,2.0,NMF,0.1,2,1.5359631309521695,2.359182739644391,1.2475456320939158
Louvain,3.0,NMF,0.1,2,1.5482854966034576,2.397187978992615,1.2566266067520524
Louvain,4.0,NMF,0.1,2,1.5480399432045577,2.3964276657567702,1.2551111389040002
Louvain,1.0,Co-Clustering,0.1,2,1.551072031764479,2.4058244477219892,1.2632025388556232
Louvain,2.0,Co-Clustering,0.1,2,1.5188392459789584,2.306872655125931,1.2339566425625481
Louvain,3.0,Co-Clustering,0.1,2,1.5271930541846082,2.3323186247497114,1.2388153197258789
Louvain,4.0,Co-Clustering,0.1,2,1.5196394038512806,2.3093039177374757,1.2313269612473556
Louvain,1.0,SlopeOne,0.1,2,1.4967919021481768,2.240385998336357,1.2228177610155035
Louvain,2.0,SlopeOne,0.1,2,1.4934222601515856,2.2303100471162702,1.2162934105949967
Louvain,3.0,SlopeOne,0.1,2,1.4940108936532959,2.2320685503547195,1.2160079097018301
Louvain,4.0,SlopeOne,0.1,2,1.4922474349118988,2.226802407001142,1.2130938832545872
Paris,1.0,NormalPredictor,0.1,2,1.5259240891171997,2.3284443257481553,1.2263520986285392
Paris,2.0,NormalPredictor,0.1,2,1.5254793858009512,2.327087356503647,1.2249007004036725
Paris,3.0,NormalPredictor,0.1,2,1.5228333598493753,2.3190214418701367,1.2225755660223478
Paris,1.0,SVD,0.1,2,1.2357476112678707,1.5270721587542484,1.0135106675369412
Paris,2.0,SVD,0.1,2,1.2285461518221013,1.5093256471568934,1.0074354871474556
Paris,3.0,SVD,0.1,2,1.2248909879371712,1.5003579323296994,1.004317693312716
Paris,1.0,k-NN,0.1,2,1.4989976124401898,2.2469938421013897,1.2133811158268981
Paris,2.0,k-NN,0.1,2,1.4939639381563077,2.2319282485115037,1.206607981073177
Paris,3.0,k-NN,0.1,2,1.4912835705651803,2.223926687837633,1.2032866930426303
Paris,1.0,NMF,0.1,2,1.530589856831221,2.342705309834618,1.245012911868832
Paris,2.0,NMF,0.1,2,1.531241712456958,2.344701181968117,1.2443905349646638
Paris,3.0,NMF,0.1,2,1.5290353113922304,2.337948983484335,1.2429811228586787
Paris,1.0,Co-Clustering,0.1,2,1.517962712981658,2.3042107980026354,1.2333434359996067
Paris,2.0,Co-Clustering,0.1,2,1.5112236137127426,2.283796810643001,1.2259239572862588
Paris,3.0,Co-Clustering,0.1,2,1.507071405176429,2.2712642203004556,1.2214564586224996
Paris,1.0,SlopeOne,0.1,2,1.4787218551590198,2.1866183249249334,1.2048684426847565
Paris,2.0,SlopeOne,0.1,2,1.482673283069114,2.1983200643269454,1.2056833649893146
Paris,3.0,SlopeOne,0.1,2,1.4788646076410472,2.1870405277333087,1.2019315376355777
Not-Applicable,,NormalPredictor,0.1,3,1.515965182982471,2.2981504360150766,1.2218641269119066
Not-Applicable,,SVD,0.1,3,0.9287553123556639,0.8625864302288668,0.72958971951699
Not-Applicable,,k-NN,0.1,3,0.9831288251855683,0.9665422869107558,0.7732412564120978
Not-Applicable,,NMF,0.1,3,0.9594872363627984,0.9206157567431206,0.7534689752520437
Not-Applicable,,Co-Clustering,0.1,3,0.9549985152836412,0.9120221641939592,0.7447813776776882
Not-Applicable,,SlopeOne,0.1,3,0.944108399568167,0.8913406701351656,0.7405129522785716
Louvain,1.0,NormalPredictor,0.1,3,1.5289360788759314,2.337645533288508,1.2244526851269009
Louvain,2.0,NormalPredictor,0.1,3,1.52374646697237,2.3218032956107795,1.2194078492186198
Louvain,3.0,NormalPredictor,0.1,3,1.5270511633026471,2.3318852553439675,1.2239342306625087
Louvain,4.0,NormalPredictor,0.1,3,1.5277131687947763,2.333907526108977,1.224331353548024
Louvain,1.0,SVD,0.1,3,1.254117277382811,1.5728101454300747,1.0291656494145975
Louvain,2.0,SVD,0.1,3,1.2500717472576575,1.5626793732918127,1.0253025471873611
Louvain,3.0,SVD,0.1,3,1.246373102342741,1.5534459102434683,1.021991217330937
Louvain,4.0,SVD,0.1,3,1.2409301266323873,1.539907579183873,1.0173496312138686
Louvain,1.0,k-NN,0.1,3,1.4873527412793521,2.2122181769912035,1.21508296373495
Louvain,2.0,k-NN,0.1,3,1.472340810373995,2.167787461892752,1.2028263276985152
Louvain,3.0,k-NN,0.1,3,1.4600866064040978,2.131852898200635,1.1919116247450134
Louvain,4.0,k-NN,0.1,3,1.4586624599625748,2.12769617210407,1.1895097821249756
Louvain,1.0,NMF,0.1,3,1.509360388922337,2.2781687836477884,1.2362777485000316
Louvain,2.0,NMF,0.1,3,1.4996564256057257,2.2489693948605414,1.227167325261154
Louvain,3.0,NMF,0.1,3,1.4955505179843356,2.2366713518432144,1.2233903003363986
Louvain,4.0,NMF,0.1,3,1.4958847748718846,2.237671259693509,1.223088113336519
Louvain,1.0,Co-Clustering,0.1,3,1.5117468553989433,2.2853785548085934,1.2373794914003555
Louvain,2.0,Co-Clustering,0.1,3,1.4974585550656376,2.2423821241392674,1.2250602181396002
Louvain,3.0,Co-Clustering,0.1,3,1.4853977047101543,2.2064063411581945,1.213671742266518
Louvain,4.0,Co-Clustering,0.1,3,1.481335131684039,2.194353772361369,1.2094178240506877
Louvain,1.0,SlopeOne,0.1,3,1.491201751537739,2.22368266378922,1.2246927694977139
Louvain,2.0,SlopeOne,0.1,3,1.4713547499656665,2.1648848002465293,1.2067692458766628
Louvain,3.0,SlopeOne,0.1,3,1.4639287596360624,2.14308741328958,1.19887214693783
Louvain,4.0,SlopeOne,0.1,3,1.4606991159735947,2.1336419074060413,1.1952197355853311
Paris,1.0,NormalPredictor,0.1,3,1.5121371252948979,2.286558685695118,1.215783587323425
Paris,2.0,NormalPredictor,0.1,3,1.5206707786136489,2.312439616929441,1.2230615320961267
Paris,3.0,NormalPredictor,0.1,3,1.522678214764967,2.3185489457198267,1.2244753845897682
Paris,1.0,SVD,0.1,3,1.242034842645328,1.542650550345005,1.0184879426326399
Paris,2.0,SVD,0.1,3,1.2397449690127722,1.5369675881924794,1.0164041460922282
Paris,3.0,SVD,0.1,3,1.2359545490093118,1.5275836472168114,1.0135154184780855
Paris,1.0,k-NN,0.1,3,1.4938459224286589,2.2315756399567306,1.2162458425216682
Paris,2.0,k-NN,0.1,3,1.4798765944008863,2.1900347346555655,1.2030150408015206
Paris,3.0,k-NN,0.1,3,1.4815577425901079,2.1950133446286966,1.2028365898502074
Paris,1.0,NMF,0.1,3,1.5267303180613707,2.3309054640877744,1.2463185395737943
Paris,2.0,NMF,0.1,3,1.5201989597966599,2.311004877366847,1.2393473835010211
Paris,3.0,NMF,0.1,3,1.523869091841682,2.322177009070393,1.2406896440095434
Paris,1.0,Co-Clustering,0.1,3,1.522006014443488,2.3165023080021507,1.239778448623452
Paris,2.0,Co-Clustering,0.1,3,1.502682746495334,2.2580554366147605,1.2227725951490924
Paris,3.0,Co-Clustering,0.1,3,1.5004793595416215,2.2514383084104344,1.2199532797286083
Paris,1.0,SlopeOne,0.1,3,1.4929088427508537,2.228776812763693,1.2182492911742668
Paris,2.0,SlopeOne,0.1,3,1.4841933512538035,2.202829903905996,1.2082995470505837
Paris,3.0,SlopeOne,0.1,3,1.48467595738667,2.204262698442025,1.207558892584478
Not-Applicable,,NormalPredictor,0.1,4,1.5231672845683557,2.3200385767793383,1.2227781725613942
Not-Applicable,,SVD,0.1,4,0.9284419995703581,0.862004546566205,0.7318213122361387
Not-Applicable,,k-NN,0.1,4,0.9719126883105369,0.9446142736990149,0.7652017263644046
Not-Applicable,,NMF,0.1,4,0.9546696827295645,0.9113942031229675,0.7512620370309709
Not-Applicable,,Co-Clustering,0.1,4,0.9558033296263047,0.9135600049247303,0.7461221996293096
Not-Applicable,,SlopeOne,0.1,4,0.9393560759469569,0.8823898374184651,0.7398187600622783
Louvain,1.0,NormalPredictor,0.1,4,1.511688607823683,2.2852024470239054,1.2142562779966461
Louvain,2.0,NormalPredictor,0.1,4,1.5117816316728907,2.285483701863548,1.2147938890146994
Louvain,3.0,NormalPredictor,0.1,4,1.512165323417244,2.2866439653455783,1.2151120537881714
Louvain,4.0,NormalPredictor,0.1,4,1.5169754884513538,2.3012146325622234,1.2181723397558057
Louvain,1.0,SVD,0.1,4,1.2511970566427246,1.5654940745514174,1.0213833744488379
Louvain,2.0,SVD,0.1,4,1.2490201209253953,1.5600512624764893,1.0187678139220775
Louvain,3.0,SVD,0.1,4,1.2423622971020793,1.5434640772607555,1.0133557040644052
Louvain,4.0,SVD,0.1,4,1.2391312293200767,1.5354462034762844,1.0108566403274548
Louvain,1.0,k-NN,0.1,4,1.483852648526154,2.2018186825380823,1.2055865794475455
Louvain,2.0,k-NN,0.1,4,1.4787975778325126,2.1868422762033064,1.1997503101230598
Louvain,3.0,k-NN,0.1,4,1.479405933042844,2.1886419147223677,1.199373407196944
Louvain,4.0,k-NN,0.1,4,1.4763517305601002,2.1796144323278024,1.196144007220242
Louvain,1.0,NMF,0.1,4,1.5145702961428447,2.2939231819582244,1.2326853745237052
Louvain,2.0,NMF,0.1,4,1.5150180137610543,2.29527958202049,1.230619498466104
Louvain,3.0,NMF,0.1,4,1.51215197209841,2.2866035867211103,1.2286666968492668
Louvain,4.0,NMF,0.1,4,1.512398734120773,2.287349930970117,1.2284157373825186
Louvain,1.0,Co-Clustering,0.1,4,1.5249062792683648,2.325339160552088,1.2415482805062805
Louvain,2.0,Co-Clustering,0.1,4,1.5116101898455196,2.284965366044808,1.2297401512040487
Louvain,3.0,Co-Clustering,0.1,4,1.5053620413002389,2.2661148753876224,1.2226903493370505
Louvain,4.0,Co-Clustering,0.1,4,1.5000643701020613,2.250193114449694,1.2176285061157874
Louvain,1.0,SlopeOne,0.1,4,1.4807944191039837,2.192752111649505,1.2067548872291662
Louvain,2.0,SlopeOne,0.1,4,1.4734591213921349,2.1710817824136823,1.1997726945893914
Louvain,3.0,SlopeOne,0.1,4,1.4661628554275636,2.149633518635507,1.193181263886111
Louvain,4.0,SlopeOne,0.1,4,1.4618303433210584,2.1369479526541633,1.1894403920810857
Paris,1.0,NormalPredictor,0.1,4,1.5067821796012977,2.270392536764037,1.206544680268703
Paris,2.0,NormalPredictor,0.1,4,1.5045735223931989,2.2637414842866774,1.2056683030577549
Paris,1.0,SVD,0.1,4,1.2409122917242175,1.5398633157522494,1.012285158038133
Paris,2.0,SVD,0.1,4,1.2413351433686213,1.5409129381619955,1.0127257187987926
Paris,1.0,k-NN,0.1,4,1.5111152273717487,2.283469230394772,1.2235280604330818
Paris,2.0,k-NN,0.1,4,1.511115227371749,2.2834692303947723,1.2235280604330818
Paris,1.0,NMF,0.1,4,1.5350878976204576,2.356494853420797,1.2486017162942848
Paris,2.0,NMF,0.1,4,1.5342518456229797,2.353928725797519,1.2457567093767512
Paris,1.0,Co-Clustering,0.1,4,1.5384015472403951,2.3666793205516417,1.2471170178530313
Paris,2.0,Co-Clustering,0.1,4,1.537735319545087,2.3646299129764303,1.2466384392420473
Paris,1.0,SlopeOne,0.1,4,1.4957177474811727,2.2371715801301533,1.2128040925933596
Paris,2.0,SlopeOne,0.1,4,1.4957177474811727,2.2371715801301533,1.2128040925933596
Not-Applicable,,NormalPredictor,0.1,5,1.5227776027519,2.3188516274428235,1.2211097421676318
Not-Applicable,,SVD,0.1,5,0.9266029739989917,0.858593071423776,0.7312222758405317
Not-Applicable,,k-NN,0.1,5,0.973324720830578,0.9473610121799225,0.7687946136755122
Not-Applicable,,NMF,0.1,5,0.9578182478937649,0.9174157959982816,0.753876093951392
Not-Applicable,,Co-Clustering,0.1,5,0.9448529929637983,0.8927471783126475,0.7401666268195771
Not-Applicable,,SlopeOne,0.1,5,0.9425618339807552,0.8884228108771648,0.7405999333294703
Louvain,1.0,NormalPredictor,0.1,5,1.5276834493876121,2.3338167215328327,1.230821373097753
Louvain,2.0,NormalPredictor,0.1,5,1.5302249038280122,2.3415882562954495,1.2263229484832385
Louvain,3.0,NormalPredictor,0.1,5,1.5289123580409145,2.3375729985702294,1.2253469782562931
Louvain,1.0,SVD,0.1,5,1.2584175379683697,1.5836146998663734,1.0314879172641365
Louvain,2.0,SVD,0.1,5,1.2596583371967638,1.586739126469316,1.0326330767568885
Louvain,3.0,SVD,0.1,5,1.2526145408601828,1.5690431879743663,1.0271871853114263
Louvain,1.0,k-NN,0.1,5,1.5134528805103873,2.2905396215251885,1.2333159976916261
Louvain,2.0,k-NN,0.1,5,1.5289116218965917,2.337570747570467,1.2434614885706043
Louvain,3.0,k-NN,0.1,5,1.525278106365584,2.326473301758182,1.2393106093241186
Louvain,1.0,NMF,0.1,5,1.5474971177361823,2.394747329401792,1.2638672607103918
Louvain,2.0,NMF,0.1,5,1.5609543694994483,2.43657854365942,1.2730530044745096
Louvain,3.0,NMF,0.1,5,1.558313905677226,2.42834222862701,1.270051476400191
Louvain,1.0,Co-Clustering,0.1,5,1.536610638351511,2.361172253895038,1.252729686199239
Louvain,2.0,Co-Clustering,0.1,5,1.5472975578648416,2.394129732574503,1.2587084322774797
Louvain,3.0,Co-Clustering,0.1,5,1.540768348069907,2.3739671024140705,1.252828073019813
Louvain,1.0,SlopeOne,0.1,5,1.5214088100645022,2.3146847673418844,1.244714213286227
Louvain,2.0,SlopeOne,0.1,5,1.525014051517115,2.325667857324646,1.245566067337041
Louvain,3.0,SlopeOne,0.1,5,1.5232293445369158,2.3202276360583625,1.2427858928413944
Paris,1.0,NormalPredictor,0.1,5,1.5166631563156587,2.3002671297253765,1.2192697098380998
Paris,2.0,NormalPredictor,0.1,5,1.5173407458727077,2.302322939085545,1.2191966310398026
Paris,3.0,NormalPredictor,0.1,5,1.5231418454788468,2.319961081448707,1.2245410242635815
Paris,1.0,SVD,0.1,5,1.259304816075151,1.58584861979007,1.0331279255140375
Paris,2.0,SVD,0.1,5,1.2457799031570078,1.551967567109884,1.0215236167833224
Paris,3.0,SVD,0.1,5,1.2432307252017372,1.5456226360856373,1.019313523489341
Paris,1.0,k-NN,0.1,5,1.5168220130547634,2.3007490192875046,1.2333025890445186
Paris,2.0,k-NN,0.1,5,1.4940327643801694,2.2321339010414505,1.211846655511991
Paris,3.0,k-NN,0.1,5,1.4946946090355584,2.2341119742799607,1.211335360519227
Paris,1.0,NMF,0.1,5,1.5302327217793752,2.341612182804315,1.249452540437012
Paris,2.0,NMF,0.1,5,1.5292116992737383,2.3384884211956742,1.2444209076295512
Paris,3.0,NMF,0.1,5,1.533440249182858,2.351438997813986,1.2469279246137206
Paris,1.0,Co-Clustering,0.1,5,1.5513071626210226,2.406553912799288,1.2638829995530152
Paris,2.0,Co-Clustering,0.1,5,1.5181446890943675,2.3047632970254335,1.235141285789403
Paris,3.0,Co-Clustering,0.1,5,1.5136959801157601,2.2912755202186115,1.23005347924946
Paris,1.0,SlopeOne,0.1,5,1.5057330384862735,2.2672319831891055,1.2313341649802287
Paris,2.0,SlopeOne,0.1,5,1.4969761537889485,2.2409376050127534,1.2212901309062696
Paris,3.0,SlopeOne,0.1,5,1.496724472638544,2.240184146995128,1.220533795329022
Not-Applicable,,NormalPredictor,0.01,1,1.5341505556907722,2.353617927526305,1.229598726860765
Not-Applicable,,SVD,0.01,1,0.9182683876520769,0.8432168317611448,0.7265802512448252
Not-Applicable,,k-NN,0.01,1,0.9542871263985645,0.9106639196100298,0.7589810365083632
Not-Applicable,,NMF,0.01,1,0.9473995727045831,0.8975659503608266,0.7474444521771673
Not-Applicable,,Co-Clustering,0.01,1,0.9689146154060557,0.9387955319474649,0.7676444512789266
Not-Applicable,,SlopeOne,0.01,1,0.9321390946122725,0.8688832917045871,0.7436962037784202
Louvain,1.0,NormalPredictor,0.01,1,1.5126302769822977,2.2880503548435427,1.2105602224642475
Louvain,2.0,NormalPredictor,0.01,1,1.5090359975657246,2.2771896419491813,1.2022333700996182
Louvain,3.0,NormalPredictor,0.01,1,1.5069460747454222,2.2708864721906354,1.2046745284386278
Louvain,1.0,SVD,0.01,1,1.2293629516517697,1.5113332668939512,1.0063210324710168
Louvain,2.0,SVD,0.01,1,1.2229353458085204,1.4955708600278053,0.9959819977927629
Louvain,3.0,SVD,0.01,1,1.2196586969007666,1.487567336925676,0.9946305992597434
Louvain,1.0,k-NN,0.01,1,1.4779747530527663,2.1844093706613856,1.1825522235672408
Louvain,2.0,k-NN,0.01,1,1.4791027655004771,2.1877449909111593,1.1824656029765221
Louvain,3.0,k-NN,0.01,1,1.483099781766389,2.19958496267551,1.1836717229567206
Louvain,1.0,NMF,0.01,1,1.5161093739047633,2.2985876336418936,1.2249715636035425
Louvain,2.0,NMF,0.01,1,1.5148680903772807,2.294825331243309,1.219092632160645
Louvain,3.0,NMF,0.01,1,1.5203052350717712,2.3113280077866336,1.220090901799743
Louvain,1.0,Co-Clustering,0.01,1,1.5015470833168831,2.2546436434174386,1.210824288911036
Louvain,2.0,Co-Clustering,0.01,1,1.4942150118485733,2.2326785016336324,1.1987211364449009
Louvain,3.0,Co-Clustering,0.01,1,1.4958281223348289,2.23750177156774,1.1983111582232833
Louvain,1.0,SlopeOne,0.01,1,1.4757880293771268,2.1779503076528233,1.1959798523523322
Louvain,2.0,SlopeOne,0.01,1,1.4636273624144407,2.1422050560082524,1.183508079372334
Louvain,3.0,SlopeOne,0.01,1,1.4656883913686944,2.148242460592951,1.1834662753108423
Paris,1.0,NormalPredictor,0.01,1,1.500848554065504,2.252546382240514,1.211539422904095
Paris,2.0,NormalPredictor,0.01,1,1.5068851375558734,2.270702817786783,1.2122932039058179
Paris,1.0,SVD,0.01,1,1.213402382539935,1.4723453419535908,1.0001761890871335
Paris,2.0,SVD,0.01,1,1.2097539805653983,1.463504693493826,0.9956267441042363
Paris,1.0,k-NN,0.01,1,1.443466319775674,2.0835950163267287,1.1614393881775775
Paris,2.0,k-NN,0.01,1,1.443466319775674,2.0835950163267287,1.1614393881775775
Paris,1.0,NMF,0.01,1,1.4886886737524039,2.216193967358691,1.2159482643022388
Paris,2.0,NMF,0.01,1,1.4778920236173194,2.1841648334716957,1.2011426344255742
Paris,1.0,Co-Clustering,0.01,1,1.453314218217299,2.112122216872559,1.1794209275876462
Paris,2.0,Co-Clustering,0.01,1,1.4595627873111736,2.130323530103562,1.1829314609283696
Paris,1.0,SlopeOne,0.01,1,1.4587115251170095,2.1278393135091918,1.1872447428629531
Paris,2.0,SlopeOne,0.01,1,1.4587115251170095,2.1278393135091918,1.1872447428629531
Not-Applicable,,NormalPredictor,0.01,2,1.4839873655125795,2.2022185010009663,1.1942412751627793
Not-Applicable,,SVD,0.01,2,0.8843534659172043,0.7820810526797718,0.7018589215279407
Not-Applicable,,k-NN,0.01,2,0.9400279852842512,0.8836526131175685,0.7378925514978676
Not-Applicable,,NMF,0.01,2,0.9325024347684585,0.8695607908491033,0.7318107444589639
Not-Applicable,,Co-Clustering,0.01,2,0.9132010831619489,0.8339362182881567,0.7131220252686571
Not-Applicable,,SlopeOne,0.01,2,0.9095844513849061,0.8273438742011806,0.7204101939297564
Louvain,1.0,NormalPredictor,0.01,2,1.4798716611950922,2.190020133608322,1.183915177237664
Louvain,2.0,NormalPredictor,0.01,2,1.5123377812362606,2.287165564554616,1.2239959341024873
Louvain,3.0,NormalPredictor,0.01,2,1.5157949247257163,2.2976342538242402,1.2227745437262805
Louvain,1.0,SVD,0.01,2,1.255404644088474,1.5760408203989085,1.020023393576696
Louvain,2.0,SVD,0.01,2,1.2411538197365926,1.5404628042467343,1.0075789794347954
Louvain,3.0,SVD,0.01,2,1.2385614818028685,1.5340345442057173,1.0052182652562136
Louvain,1.0,k-NN,0.01,2,1.4940306579170857,2.2321276067961597,1.1990657886099003
Louvain,2.0,k-NN,0.01,2,1.5127217576862007,2.288327116177228,1.214143988047051
Louvain,3.0,k-NN,0.01,2,1.5020989198813346,2.2563011651086717,1.2041053904477845
Louvain,1.0,NMF,0.01,2,1.515538218813498,2.29685609268439,1.2333201018932887
Louvain,2.0,NMF,0.01,2,1.5398686147876681,2.371195350808092,1.2505908989329249
Louvain,3.0,NMF,0.01,2,1.5426175347411835,2.3796688584909664,1.2505246565655683
Louvain,1.0,Co-Clustering,0.01,2,1.5003570205335681,2.2510711890643655,1.2141801312140212
Louvain,2.0,Co-Clustering,0.01,2,1.5138901697421094,2.291863446041793,1.222476611804437
Louvain,3.0,Co-Clustering,0.01,2,1.5033304043907783,2.2600023047657407,1.2142018367642096
Louvain,1.0,SlopeOne,0.01,2,1.5089809774326257,2.2770235902535223,1.2327534851580146
Louvain,2.0,SlopeOne,0.01,2,1.4976868994364743,2.24306604874364,1.220243680020112
Louvain,3.0,SlopeOne,0.01,2,1.4908600743507996,2.2226637612932714,1.2130513604990243
Paris,1.0,NormalPredictor,0.01,2,1.4683137555336936,2.155945284689459,1.1809707908639329
Paris,2.0,NormalPredictor,0.01,2,1.4859911236404888,2.2081696195383227,1.2014890800473097
Paris,1.0,SVD,0.01,2,1.251406880864265,1.5660191814744289,1.0185763330982798
Paris,2.0,SVD,0.01,2,1.250215116082662,1.563037836481584,1.0180755777302688
Paris,1.0,k-NN,0.01,2,1.4945303075545815,2.2336208401991917,1.2180505413986533
Paris,2.0,k-NN,0.01,2,1.4945303075545815,2.2336208401991917,1.2180505413986533
Paris,1.0,NMF,0.01,2,1.5208181943489634,2.3128879802628415,1.2488774971607903
Paris,2.0,NMF,0.01,2,1.5234628211905286,2.3209389675498047,1.2501877121409866
Paris,1.0,Co-Clustering,0.01,2,1.5065588322370123,2.26971951499135,1.2333121252749937
Paris,2.0,Co-Clustering,0.01,2,1.5083996249455052,2.275269428535741,1.2344088227447245
Paris,1.0,SlopeOne,0.01,2,1.496096962767928,2.2383061220034186,1.2313461743991438
Paris,2.0,SlopeOne,0.01,2,1.496096962767928,2.2383061220034186,1.2313461743991438
Not-Applicable,,NormalPredictor,0.01,3,1.484477196899986,2.2036725481160397,1.1794323480903905
Not-Applicable,,SVD,0.01,3,0.9276518672387043,0.8605379867914547,0.7264510927284241
Not-Applicable,,k-NN,0.01,3,0.97172806592374,0.9442554341038922,0.7750635152220452
Not-Applicable,,NMF,0.01,3,0.958215809134934,0.9181775368761163,0.7585218997876559
Not-Applicable,,Co-Clustering,0.01,3,0.9638093830956291,0.9289285269431773,0.7595396473987576
Not-Applicable,,SlopeOne,0.01,3,0.9488780325449109,0.9003695206463009,0.7526099259403197
Louvain,1.0,NormalPredictor,0.01,3,1.5414473464605805,2.3760599219103646,1.2182787146429481
Louvain,2.0,NormalPredictor,0.01,3,1.5597335971619888,2.432768894115877,1.2461455348254833
Louvain,3.0,NormalPredictor,0.01,3,1.5420926463193354,2.378049729832171,1.2351286058671822
Louvain,1.0,SVD,0.01,3,1.2531969122303093,1.5705025008235816,1.028100877642486
Louvain,2.0,SVD,0.01,3,1.2523907879057665,1.5684826856312264,1.0286759922559816
Louvain,3.0,SVD,0.01,3,1.245843173756186,1.552125213594886,1.0242951759918086
Louvain,1.0,k-NN,0.01,3,1.5196862464884682,2.309446287766209,1.2434730065022501
Louvain,2.0,k-NN,0.01,3,1.5223739164023757,2.317622341342308,1.2429007548175324
Louvain,3.0,k-NN,0.01,3,1.515119665454526,2.2955876006470346,1.2351711409874069
Louvain,1.0,NMF,0.01,3,1.5440271262629015,2.384019766635674,1.2723887783869356
Louvain,2.0,NMF,0.01,3,1.5596490611687763,2.432505194004645,1.2783671878624252
Louvain,3.0,NMF,0.01,3,1.5613856656760434,2.4379251969786213,1.2769779200725422
Louvain,1.0,Co-Clustering,0.01,3,1.5312338762902813,2.3446771838989604,1.260822738402179
Louvain,2.0,Co-Clustering,0.01,3,1.5411142514244909,2.375033135943669,1.2628014442430633
Louvain,3.0,Co-Clustering,0.01,3,1.5358467742084922,2.3588253138466313,1.2553589601670176
Louvain,1.0,SlopeOne,0.01,3,1.5044408043008102,2.2633421336452684,1.2343863513392557
Louvain,2.0,SlopeOne,0.01,3,1.5174467750751495,2.3026447151859712,1.2418044229304392
Louvain,3.0,SlopeOne,0.01,3,1.5106431361445483,2.2820426847806363,1.2348318876852313
Paris,1.0,NormalPredictor,0.01,3,1.5694902548747134,2.4632996601466925,1.2766216517780404
Paris,2.0,NormalPredictor,0.01,3,1.5691222502087832,2.462144636100275,1.2717036055788165
Paris,3.0,NormalPredictor,0.01,3,1.5578786875818438,2.4269860052217282,1.2593955220647692
Paris,1.0,SVD,0.01,3,1.2622492680255597,1.5932732146310613,1.0336006439378884
Paris,2.0,SVD,0.01,3,1.2601815436641282,1.588057522991705,1.0325776998957563
Paris,3.0,SVD,0.01,3,1.2525144274409459,1.5687923909477206,1.02613229673183
Paris,1.0,k-NN,0.01,3,1.518050580278729,2.3044775642845856,1.2398460075148947
Paris,2.0,k-NN,0.01,3,1.584655925208266,2.511134401297665,1.290287660097808
Paris,3.0,k-NN,0.01,3,1.5710311046403922,2.468138731747611,1.279180348923733
Paris,1.0,NMF,0.01,3,1.534327687978077,2.354161454096151,1.2613177910544737
Paris,2.0,NMF,0.01,3,1.5868249719558354,2.5180134916226375,1.3003509936794342
Paris,3.0,NMF,0.01,3,1.5807732775017538,2.4988441548636366,1.2920506802516438
Paris,1.0,Co-Clustering,0.01,3,1.5480513731855279,2.3964630540215985,1.2694465483292061
Paris,2.0,Co-Clustering,0.01,3,1.6008442070804383,2.5627021753429973,1.309800551307097
Paris,3.0,Co-Clustering,0.01,3,1.5864804546438374,2.5169202329669167,1.2974291531924662
Paris,1.0,SlopeOne,0.01,3,1.5019536472900092,2.255864758607762,1.2289724059821705
Paris,2.0,SlopeOne,0.01,3,1.5299978804524856,2.3408935141890987,1.2524911573273318
Paris,3.0,SlopeOne,0.01,3,1.5242564437217623,2.323357706227314,1.2491877018380684
Not-Applicable,,NormalPredictor,0.01,4,1.528202982537173,2.3354043558355113,1.2407655589361255
Not-Applicable,,SVD,0.01,4,0.9219335288655023,0.8499614316463979,0.7248560504783855
Not-Applicable,,k-NN,0.01,4,0.941532761280218,0.8864839405639521,0.7543961474166956
Not-Applicable,,NMF,0.01,4,0.9457376342955041,0.8944196729228565,0.74635208053357
Not-Applicable,,Co-Clustering,0.01,4,0.9466204403679401,0.896090258122393,0.7420139232548778
Not-Applicable,,SlopeOne,0.01,4,0.9523330856134826,0.9069383059540969,0.7492717666776565
Louvain,1.0,NormalPredictor,0.01,4,1.4711580523235557,2.1643060149164377,1.1710339976027597
Louvain,2.0,NormalPredictor,0.01,4,1.5078355354386341,2.2735680019315123,1.211141045728286
Louvain,3.0,NormalPredictor,0.01,4,1.4916937636207739,2.225150284425109,1.197787750416972
Louvain,1.0,SVD,0.01,4,1.2249342690585459,1.5004639635139938,1.0011287534231088
Louvain,2.0,SVD,0.01,4,1.209903877492432,1.4638673927712218,0.9892163242431451
Louvain,3.0,SVD,0.01,4,1.2063460935611892,1.4552708974503412,0.9858776961880212
Louvain,1.0,k-NN,0.01,4,1.4885236163920001,2.2157025565567183,1.1970812238360813
Louvain,2.0,k-NN,0.01,4,1.5009391756347643,2.252818408955166,1.205420272274554
Louvain,3.0,k-NN,0.01,4,1.4939950937922302,2.2320213402752547,1.1979920034475058
Louvain,1.0,NMF,0.01,4,1.5190840726556034,2.3076164197959343,1.2354071988497715
Louvain,2.0,NMF,0.01,4,1.5212339151492604,2.314152624600347,1.2315055852061811
Louvain,3.0,NMF,0.01,4,1.5163510240286582,2.2993204280727606,1.22812153729473
Louvain,1.0,Co-Clustering,0.01,4,1.5018353739475114,2.2555094904400614,1.218478065556887
Louvain,2.0,Co-Clustering,0.01,4,1.5022383261936587,2.2567199886851252,1.2157857405526102
Louvain,3.0,Co-Clustering,0.01,4,1.4931151293907903,2.2293927896156767,1.208557650403889
Louvain,1.0,SlopeOne,0.01,4,1.479960459084932,2.1902829604548826,1.2006065204772705
Louvain,2.0,SlopeOne,0.01,4,1.4744131604116737,2.1738941675951398,1.1952605031086911
Louvain,3.0,SlopeOne,0.01,4,1.4698704422387958,2.160519116967273,1.1933600261364308
Paris,1.0,NormalPredictor,0.01,4,1.5160236643203893,2.29832775077942,1.2094508584294401
Paris,2.0,NormalPredictor,0.01,4,1.4881903718958163,2.214710583003408,1.1934186564798566
Paris,1.0,SVD,0.01,4,1.2120822943397624,1.4691434882519427,0.9878275110238797
Paris,2.0,SVD,0.01,4,1.213870919788123,1.4734826099072638,0.9910809130030962
Paris,1.0,k-NN,0.01,4,1.4529861327084077,2.1111687018429346,1.1662164056585802
Paris,2.0,k-NN,0.01,4,1.4529861327084077,2.1111687018429346,1.1662164056585802
Paris,1.0,NMF,0.01,4,1.476380123508212,2.179698269090123,1.1951615660882065
Paris,2.0,NMF,0.01,4,1.4744640947490197,2.174044366704046,1.1913801777191793
Paris,1.0,Co-Clustering,0.01,4,1.4623267144389123,2.138399419761704,1.1771628712483417
Paris,2.0,Co-Clustering,0.01,4,1.4682211479648823,2.155673339331317,1.1804645845371788
Paris,1.0,SlopeOne,0.01,4,1.4673558713401909,2.153133253156531,1.181467200971574
Paris,2.0,SlopeOne,0.01,4,1.4673558713401909,2.153133253156531,1.181467200971574
Not-Applicable,,NormalPredictor,0.01,5,1.5142046076537445,2.2928155938398302,1.2244630952956292
Not-Applicable,,SVD,0.01,5,0.9126117284847083,0.8328601669678468,0.7183058189990815
Not-Applicable,,k-NN,0.01,5,0.9726382258778564,0.9460251184388241,0.7611811800853961
Not-Applicable,,NMF,0.01,5,0.968459464266214,0.9379137339268022,0.7539241914650235
Not-Applicable,,Co-Clustering,0.01,5,0.9530284894893055,0.9082633017782673,0.7407890513722923
Not-Applicable,,SlopeOne,0.01,5,0.9556152583976592,0.9132005220824249,0.7489066451032784
Louvain,1.0,NormalPredictor,0.01,5,1.5223163624664802,2.3174471074331757,1.2040007379903959
Louvain,2.0,NormalPredictor,0.01,5,1.509425925415601,2.2783666243167433,1.195973798942677
Louvain,3.0,NormalPredictor,0.01,5,1.5018444450704722,2.255536737189035,1.1967327372994072
Louvain,1.0,SVD,0.01,5,1.2516350136158914,1.5665902073092526,1.019704224132088
Louvain,2.0,SVD,0.01,5,1.2501541795671935,1.5628854726893227,1.0176281787971901
Louvain,3.0,SVD,0.01,5,1.2445768116576115,1.5489714401158259,1.0143078514303028
Louvain,1.0,k-NN,0.01,5,1.512237833264264,2.2868632643557962,1.2141223974722262
Louvain,2.0,k-NN,0.01,5,1.5176678946542497,2.303315838464263,1.225168571238072
Louvain,3.0,k-NN,0.01,5,1.5114087122036475,2.284356295325088,1.218712485864596
Louvain,1.0,NMF,0.01,5,1.546774593505806,2.392511643115051,1.2561259784856715
Louvain,2.0,NMF,0.01,5,1.550414941711195,2.4037864914813283,1.260528608268738
Louvain,3.0,NMF,0.01,5,1.5497159303276966,2.4016194647114384,1.2578950772359145
Louvain,1.0,Co-Clustering,0.01,5,1.53776651770703,2.364725862980806,1.2508568544060348
Louvain,2.0,Co-Clustering,0.01,5,1.5471460897736031,2.39366102310175,1.2585275217129788
Louvain,3.0,Co-Clustering,0.01,5,1.5386777173132233,2.3675291177562316,1.251076863951745
Louvain,1.0,SlopeOne,0.01,5,1.5257434876081544,2.3278931899786945,1.2344058386128003
Louvain,2.0,SlopeOne,0.01,5,1.5292899600340448,2.3387277818609307,1.2378445802083384
Louvain,3.0,SlopeOne,0.01,5,1.5243335310070216,2.3235927137523342,1.2341681561398925
Paris,1.0,NormalPredictor,0.01,5,1.5612676626409048,2.437556714408194,1.2641611856714763
Paris,2.0,NormalPredictor,0.01,5,1.5388485820894222,2.3680549585986252,1.2274609192648096
Paris,3.0,NormalPredictor,0.01,5,1.5326892723511967,2.349136405580441,1.2232994505656785
Paris,1.0,SVD,0.01,5,1.253732547975116,1.5718453018521765,1.0250052709101554
Paris,2.0,SVD,0.01,5,1.2337505436147447,1.5221404038696782,1.0044159312185708
Paris,3.0,SVD,0.01,5,1.2344308375821298,1.5238194927737185,1.0056648917271687
Paris,1.0,k-NN,0.01,5,1.4929142680711713,2.2287930118104815,1.214750000644618
Paris,2.0,k-NN,0.01,5,1.4880973463299452,2.2144337121542246,1.2043384988589245
Paris,3.0,k-NN,0.01,5,1.4888299538212801,2.216614631395475,1.2047488062071332
Paris,1.0,NMF,0.01,5,1.5390085728412521,2.368547387278868,1.2575816482984963
Paris,2.0,NMF,0.01,5,1.5346121955806382,2.355034590824827,1.253187802836383
Paris,3.0,NMF,0.01,5,1.5427494821119456,2.3800759645566765,1.2576737778115672
Paris,1.0,Co-Clustering,0.01,5,1.5422317153007594,2.3784786636795223,1.2564736127692868
Paris,2.0,Co-Clustering,0.01,5,1.5307408592947231,2.3431675783143473,1.243471652795958
Paris,3.0,Co-Clustering,0.01,5,1.531339151986833,2.3449995984077527,1.2434896267434425
Paris,1.0,SlopeOne,0.01,5,1.528759934381111,2.3371069369689383,1.2454284361413608
Paris,2.0,SlopeOne,0.01,5,1.5042497223524611,2.2627672271974566,1.2183348049589817
Paris,3.0,SlopeOne,0.01,5,1.5065803917107612,2.2697844766873505,1.2196155046206856
